--
-- PostgreSQL database dump
--

-- Dumped from database version 15.1 (Debian 15.1-1.pgdg110+1)
-- Dumped by pg_dump version 15.2 (Debian 15.2-1.pgdg110+1)

SET statement_timeout = 0;
SET lock_timeout = 0;
SET idle_in_transaction_session_timeout = 0;
SET client_encoding = 'UTF8';
SET standard_conforming_strings = on;
SELECT pg_catalog.set_config('search_path', '', false);
SET check_function_bodies = false;
SET xmloption = content;
SET client_min_messages = warning;
SET row_security = off;

--
-- Data for Name: User; Type: TABLE DATA; Schema: public; Owner: -
--

COPY public."User" (id, "openedHelp") FROM stdin;
240645351705542658	f
208308792155308033	f
360033736739258370	f
256212924723363844	f
239876252331278347	f
718685740053037058	f
318530865648893953	f
447919795271237632	f
285259653707726848	f
538590376324366336	f
365555434775511052	f
142470336544243712	f
1045252705330933800	f
244621150112448512	f
821907257176227850	f
194223346731188224	f
\.


--
-- Data for Name: Message; Type: TABLE DATA; Schema: public; Owner: -
--

COPY public."Message" (id, "channelId", "guildId", "authorId", "reactionCounter", "createdAt") FROM stdin;
1081995752450052306	1042881320646344758	445432481873657858	240645351705542658	-1	2023-03-05 17:44:49.893
1078480989124305046	606367475491143690	445432481873657858	318530865648893953	-1	2023-02-24 00:58:25.015
1075969265485762661	1013306449130160159	803749877702983760	208308792155308033	1	2023-02-17 02:37:43.434
1075968839138938941	1013306449130160159	803749877702983760	208308792155308033	3	2023-02-17 02:36:01.785
1075968842431463525	1013306449130160159	803749877702983760	208308792155308033	3	2023-02-17 02:36:02.57
1075968852619427931	1013306449130160159	803749877702983760	208308792155308033	3	2023-02-17 02:36:04.999
1075968846281846925	1013306449130160159	803749877702983760	208308792155308033	3	2023-02-17 02:36:03.488
1075968849293344768	1013306449130160159	803749877702983760	208308792155308033	3	2023-02-17 02:36:04.206
1075968867811205140	1013306449130160159	803749877702983760	208308792155308033	3	2023-02-17 02:36:08.621
1075968855450603520	1013306449130160159	803749877702983760	208308792155308033	3	2023-02-17 02:36:05.674
1075968861939187813	1013306449130160159	803749877702983760	208308792155308033	3	2023-02-17 02:36:07.221
1075968871208587294	1013306449130160159	803749877702983760	208308792155308033	3	2023-02-17 02:36:09.431
1075968875453235332	1013306449130160159	803749877702983760	208308792155308033	3	2023-02-17 02:36:10.443
1075968879362330664	1013306449130160159	803749877702983760	208308792155308033	1	2023-02-17 02:36:11.375
1075968882755522612	1013306449130160159	803749877702983760	208308792155308033	3	2023-02-17 02:36:12.184
1075969288147566602	1013306449130160159	803749877702983760	208308792155308033	1	2023-02-17 02:37:48.837
1075969291922456666	1013306449130160159	803749877702983760	208308792155308033	1	2023-02-17 02:37:49.737
1075969299291852820	1013306449130160159	803749877702983760	208308792155308033	1	2023-02-17 02:37:51.494
1075969295256911892	1013306449130160159	803749877702983760	208308792155308033	1	2023-02-17 02:37:50.532
1075969303444213800	1013306449130160159	803749877702983760	208308792155308033	1	2023-02-17 02:37:52.484
1075969307089043586	1013306449130160159	803749877702983760	208308792155308033	1	2023-02-17 02:37:53.353
1075969313615396934	1013306449130160159	803749877702983760	208308792155308033	1	2023-02-17 02:37:54.909
1075969310385774714	1013306449130160159	803749877702983760	208308792155308033	1	2023-02-17 02:37:54.139
1075969320984776715	1013306449130160159	803749877702983760	208308792155308033	1	2023-02-17 02:37:56.666
1075969317331550208	1013306449130160159	803749877702983760	208308792155308033	1	2023-02-17 02:37:55.795
1075969327695671326	1013306449130160159	803749877702983760	208308792155308033	1	2023-02-17 02:37:58.266
1075969324222779432	1013306449130160159	803749877702983760	208308792155308033	1	2023-02-17 02:37:57.438
1076004819682209792	772710190553628685	772710190553628682	240645351705542658	1	2023-02-17 04:59:00.215
1076002274263965716	606343351435919371	445432481873657858	239876252331278347	3	2023-02-17 04:48:53.34
1076989660238200935	606367475491143690	445432481873657858	240645351705542658	5	2023-02-19 22:12:24.501
1076989583604076645	606367475491143690	445432481873657858	240645351705542658	5	2023-02-19 22:12:06.23
1076989672170995742	606367475491143690	445432481873657858	240645351705542658	5	2023-02-19 22:12:27.346
1077055231747182642	1042881320646344758	445432481873657858	240645351705542658	5	2023-02-20 02:32:57.967
1076989502209404939	606367475491143690	445432481873657858	240645351705542658	5	2023-02-19 22:11:46.824
1076989636242591786	606367475491143690	445432481873657858	240645351705542658	5	2023-02-19 22:12:18.78
1077717788992475176	606367475491143690	445432481873657858	718685740053037058	5	2023-02-21 22:25:43.924
1077759208910503957	606343351435919371	445432481873657858	718685740053037058	1	2023-02-22 01:10:19.202
1078002311546278008	606367475491143690	445432481873657858	240645351705542658	1	2023-02-22 17:16:19.387
1078210592147509298	772710190553628685	772710190553628682	240645351705542658	1	2023-02-23 07:03:57.352
1078156280151150603	606367475491143690	445432481873657858	285259653707726848	7	2023-02-23 03:28:08.363
1079099864333430855	606367475491143690	445432481873657858	240645351705542658	1	2023-02-25 17:57:36.363
1079190168981999726	606367475491143690	445432481873657858	718685740053037058	5	2023-02-25 23:56:26.669
1079799455362072586	606367475491143690	445432481873657858	239876252331278347	9	2023-02-27 16:17:31.862
1079297615541325876	1042881320646344758	445432481873657858	240645351705542658	3	2023-02-26 07:03:23.925
1079581209098735616	606343351435919371	445432481873657858	256212924723363844	3	2023-02-27 01:50:17.898
1079823274533462109	606367475491143690	445432481873657858	239876252331278347	5	2023-02-27 17:52:10.795
1080725686576234538	606367475491143690	445432481873657858	240645351705542658	1	2023-03-02 05:38:02.592
1080935015568912414	606367475491143690	445432481873657858	240645351705542658	5	2023-03-02 19:29:50.513
1081735050783105034	828484348558835732	445432481873657858	240645351705542658	1	2023-03-05 00:28:53.772
1082073001601810462	831808522030809108	445432481873657858	240645351705542658	9	2023-03-05 22:51:47.526
1082064120309883051	606367475491143690	445432481873657858	240645351705542658	7	2023-03-05 22:16:30.061
1082078798306082898	831808522030809108	445432481873657858	318530865648893953	5	2023-03-05 23:14:49.568
1082110664073547896	606367475491143690	445432481873657858	1045252705330933800	9	2023-03-06 01:21:26.959
1082802791707312219	606367475491143690	445432481873657858	318530865648893953	5	2023-03-07 23:11:43.046
1082765675388481697	606367475491143690	445432481873657858	240645351705542658	7	2023-03-07 20:44:13.826
1084125425481023540	606367475491143690	445432481873657858	256212924723363844	9	2023-03-11 14:47:23.511
1085596923706224690	606367475491143690	445432481873657858	240645351705542658	1	2023-03-15 16:14:36.027
1084246430044139612	606367475491143690	445432481873657858	1045252705330933800	7	2023-03-11 22:48:13.247
1084710415059144754	606367475491143690	445432481873657858	240645351705542658	3	2023-03-13 05:31:55.895
1085539545115795456	606367475491143690	445432481873657858	821907257176227850	3	2023-03-15 12:26:35.905
1085630855868841984	606367475491143690	445432481873657858	240645351705542658	1	2023-03-15 18:29:26.085
1085615848854655036	606367475491143690	445432481873657858	240645351705542658	3	2023-03-15 17:29:48.134
1087119684714897478	606367475491143690	445432481873657858	256212924723363844	-1	2023-03-19 21:05:30.543
1087133188687679649	606343351435919371	445432481873657858	256212924723363844	-1	2023-03-19 21:59:10.141
1087133166243958814	606343351435919371	445432481873657858	256212924723363844	-1	2023-03-19 21:59:04.79
1087132862857347112	606343351435919371	445432481873657858	256212924723363844	-1	2023-03-19 21:57:52.457
1087132663246229514	606343351435919371	445432481873657858	256212924723363844	-1	2023-03-19 21:57:04.866
1087132661308477611	606343351435919371	445432481873657858	256212924723363844	-1	2023-03-19 21:57:04.404
1087094553531646172	606367475491143690	445432481873657858	256212924723363844	1	2023-03-19 19:25:38.802
1087117622128165054	828484348558835732	445432481873657858	256212924723363844	1	2023-03-19 20:57:18.784
1087117625789780028	828484348558835732	445432481873657858	256212924723363844	1	2023-03-19 20:57:19.657
1087117631376593017	828484348558835732	445432481873657858	256212924723363844	1	2023-03-19 20:57:20.989
1087117634811740160	828484348558835732	445432481873657858	256212924723363844	1	2023-03-19 20:57:21.808
1087117637852614758	828484348558835732	445432481873657858	256212924723363844	1	2023-03-19 20:57:22.533
1087117641010921472	828484348558835732	445432481873657858	256212924723363844	1	2023-03-19 20:57:23.286
1087117646014722078	828484348558835732	445432481873657858	256212924723363844	1	2023-03-19 20:57:24.479
1087117650062213210	828484348558835732	445432481873657858	256212924723363844	1	2023-03-19 20:57:25.444
1087117653098909746	828484348558835732	445432481873657858	256212924723363844	1	2023-03-19 20:57:26.168
1087117666709426278	828484348558835732	445432481873657858	256212924723363844	1	2023-03-19 20:57:29.413
1087118401727643781	828484348558835732	445432481873657858	256212924723363844	1	2023-03-19 21:00:24.655
1087118265010094202	606343351435919371	445432481873657858	256212924723363844	4	2023-03-19 20:59:52.059
1087118406177796170	828484348558835732	445432481873657858	256212924723363844	1	2023-03-19 21:00:25.716
1087118410330144930	828484348558835732	445432481873657858	256212924723363844	1	2023-03-19 21:00:26.706
1087118589498232853	606343351435919371	445432481873657858	256212924723363844	1	2023-03-19 21:01:09.423
1087118779185627257	606343351435919371	445432481873657858	256212924723363844	7	2023-03-19 21:01:54.648
1087121823994495067	1013306449130160159	803749877702983760	208308792155308033	1	2023-03-19 21:14:00.587
1087121825496043680	1013306449130160159	803749877702983760	208308792155308033	1	2023-03-19 21:14:00.945
1087121826871791636	1013306449130160159	803749877702983760	208308792155308033	1	2023-03-19 21:14:01.273
1087121828037795840	1013306449130160159	803749877702983760	208308792155308033	1	2023-03-19 21:14:01.551
1087121829015076864	1013306449130160159	803749877702983760	208308792155308033	1	2023-03-19 21:14:01.784
1087121830004932678	1013306449130160159	803749877702983760	208308792155308033	1	2023-03-19 21:14:02.02
1087121831049306203	1013306449130160159	803749877702983760	208308792155308033	1	2023-03-19 21:14:02.269
1087121832177573908	1013306449130160159	803749877702983760	208308792155308033	1	2023-03-19 21:14:02.538
1087121833523945514	1013306449130160159	803749877702983760	208308792155308033	1	2023-03-19 21:14:02.859
1087121834601877505	1013306449130160159	803749877702983760	208308792155308033	1	2023-03-19 21:14:03.116
1087121836799701062	1013306449130160159	803749877702983760	208308792155308033	1	2023-03-19 21:14:03.64
1087121837839892612	1013306449130160159	803749877702983760	208308792155308033	1	2023-03-19 21:14:03.888
1087122081696718989	1013306449130160159	803749877702983760	208308792155308033	1	2023-03-19 21:15:02.028
1087122083072450620	1013306449130160159	803749877702983760	208308792155308033	1	2023-03-19 21:15:02.356
1087122084414640229	1013306449130160159	803749877702983760	208308792155308033	1	2023-03-19 21:15:02.676
1087122085630980106	1013306449130160159	803749877702983760	208308792155308033	1	2023-03-19 21:15:02.966
1087122086960566373	1013306449130160159	803749877702983760	208308792155308033	1	2023-03-19 21:15:03.283
1087122088411807964	1013306449130160159	803749877702983760	208308792155308033	1	2023-03-19 21:15:03.629
1087122089372291072	1013306449130160159	803749877702983760	208308792155308033	1	2023-03-19 21:15:03.858
1087122090542514308	1013306449130160159	803749877702983760	208308792155308033	1	2023-03-19 21:15:04.137
1087122091561725993	1013306449130160159	803749877702983760	208308792155308033	1	2023-03-19 21:15:04.38
1087122176181813448	606343351435919371	445432481873657858	240645351705542658	1	2023-03-19 21:15:24.555
1087122200315834378	606343351435919371	445432481873657858	240645351705542658	1	2023-03-19 21:15:30.309
1087122219064373268	1013306449130160159	803749877702983760	208308792155308033	1	2023-03-19 21:15:34.779
1087122220284919939	1013306449130160159	803749877702983760	208308792155308033	1	2023-03-19 21:15:35.07
1087122221274759259	1013306449130160159	803749877702983760	208308792155308033	1	2023-03-19 21:15:35.306
1087122222310752397	1013306449130160159	803749877702983760	208308792155308033	1	2023-03-19 21:15:35.553
1087122224076562435	1013306449130160159	803749877702983760	208308792155308033	1	2023-03-19 21:15:35.974
1087122225246765166	1013306449130160159	803749877702983760	208308792155308033	1	2023-03-19 21:15:36.253
1087122225997545504	1013306449130160159	803749877702983760	208308792155308033	1	2023-03-19 21:15:36.432
1087122227062907023	1013306449130160159	803749877702983760	208308792155308033	1	2023-03-19 21:15:36.686
1087122229982142484	1013306449130160159	803749877702983760	208308792155308033	1	2023-03-19 21:15:37.382
1087122231051698277	1013306449130160159	803749877702983760	208308792155308033	1	2023-03-19 21:15:37.637
1087122232175771698	1013306449130160159	803749877702983760	208308792155308033	1	2023-03-19 21:15:37.905
1087122251079495841	606343351435919371	445432481873657858	240645351705542658	1	2023-03-19 21:15:42.412
1087122261850464416	606343351435919371	445432481873657858	240645351705542658	1	2023-03-19 21:15:44.98
1087123456350494970	606343351435919371	445432481873657858	240645351705542658	1	2023-03-19 21:20:29.771
1087123460980998154	606343351435919371	445432481873657858	240645351705542658	1	2023-03-19 21:20:30.875
1087130102938222653	606343351435919371	445432481873657858	240645351705542658	1	2023-03-19 21:46:54.441
1087130599887732816	606343351435919371	445432481873657858	240645351705542658	1	2023-03-19 21:48:52.923
1087376732266430505	606343351435919371	445432481873657858	285259653707726848	-1	2023-03-20 14:06:55.455
1088265922160115733	606343351435919371	445432481873657858	718685740053037058	-1	2023-03-23 01:00:14.846
1088248253184753766	606367475491143690	445432481873657858	256212924723363844	-1	2023-03-22 23:50:02.234
1087122033063759903	606343351435919371	445432481873657858	240645351705542658	1	2023-03-19 21:14:50.433
1087122063854157928	606343351435919371	445432481873657858	240645351705542658	1	2023-03-19 21:14:57.774
1087122067478028369	606343351435919371	445432481873657858	240645351705542658	1	2023-03-19 21:14:58.638
1087499636694065202	606367475491143690	445432481873657858	285259653707726848	5	2023-03-20 22:15:18.154
1087500117759766608	606367475491143690	445432481873657858	285259653707726848	9	2023-03-20 22:17:12.849
1087500809484374096	1087500537206935743	445432481873657858	240645351705542658	5	2023-03-20 22:19:57.769
1087500501257572383	606367475491143690	445432481873657858	240645351705542658	7	2023-03-20 22:18:44.282
1087500842212532365	1087500537206935743	445432481873657858	240645351705542658	5	2023-03-20 22:20:05.572
1087501164133748816	606367475491143690	445432481873657858	240645351705542658	5	2023-03-20 22:21:22.324
1087501548222951484	606367475491143690	445432481873657858	240645351705542658	1	2023-03-20 22:22:53.898
1087760633887465542	828484348558835732	445432481873657858	256212924723363844	1	2023-03-21 15:32:24.734
1087760637574266900	828484348558835732	445432481873657858	256212924723363844	1	2023-03-21 15:32:25.613
1087760646659121292	828484348558835732	445432481873657858	256212924723363844	1	2023-03-21 15:32:27.779
1087760648001290321	828484348558835732	445432481873657858	256212924723363844	1	2023-03-21 15:32:28.099
1087760649922293791	828484348558835732	445432481873657858	256212924723363844	1	2023-03-21 15:32:28.557
1087760654137561088	828484348558835732	445432481873657858	256212924723363844	1	2023-03-21 15:32:29.562
1087760659422380072	828484348558835732	445432481873657858	256212924723363844	1	2023-03-21 15:32:30.822
1087760662974959616	828484348558835732	445432481873657858	256212924723363844	1	2023-03-21 15:32:31.669
1087760668918288525	828484348558835732	445432481873657858	256212924723363844	1	2023-03-21 15:32:33.086
1088245817518866452	828484348558835732	445432481873657858	240645351705542658	1	2023-03-22 23:40:21.526
1088245820417134612	828484348558835732	445432481873657858	240645351705542658	1	2023-03-22 23:40:22.217
1088245822925316177	828484348558835732	445432481873657858	240645351705542658	1	2023-03-22 23:40:22.815
1088245826586935416	828484348558835732	445432481873657858	240645351705542658	1	2023-03-22 23:40:23.688
1088262380691136532	828484348558835732	445432481873657858	240645351705542658	1	2023-03-23 00:46:10.494
1088262780668346378	828484348558835732	445432481873657858	240645351705542658	1	2023-03-23 00:47:45.856
1088262842731462707	828484348558835732	445432481873657858	240645351705542658	1	2023-03-23 00:48:00.653
1088262898717040780	828484348558835732	445432481873657858	240645351705542658	1	2023-03-23 00:48:14.001
1088265973179625532	606343351435919371	445432481873657858	718685740053037058	1	2023-03-23 01:00:27.01
1088263053029679114	606343351435919371	445432481873657858	240645351705542658	3	2023-03-23 00:48:50.792
1088263059547627581	606343351435919371	445432481873657858	240645351705542658	3	2023-03-23 00:48:52.346
1088266670683992135	606343351435919371	445432481873657858	240645351705542658	1	2023-03-23 01:03:13.308
1088268126187163750	1013306449130160159	803749877702983760	360033736739258370	1	2023-03-23 01:09:00.327
1088268130394066995	1013306449130160159	803749877702983760	360033736739258370	1	2023-03-23 01:09:01.33
1088268138908487701	1013306449130160159	803749877702983760	360033736739258370	1	2023-03-23 01:09:03.36
1088268145791352953	1013306449130160159	803749877702983760	360033736739258370	1	2023-03-23 01:09:05.001
1088268149239058492	1013306449130160159	803749877702983760	360033736739258370	1	2023-03-23 01:09:05.823
1088268157921284106	1013306449130160159	803749877702983760	360033736739258370	1	2023-03-23 01:09:07.893
1088268162782466088	1013306449130160159	803749877702983760	360033736739258370	1	2023-03-23 01:09:09.052
1088268167308136468	1013306449130160159	803749877702983760	360033736739258370	1	2023-03-23 01:09:10.131
1088268171410149397	1013306449130160159	803749877702983760	360033736739258370	1	2023-03-23 01:09:11.109
1088268500985974915	1013306449130160159	803749877702983760	360033736739258370	1	2023-03-23 01:10:29.686
1088268505599725679	1013306449130160159	803749877702983760	360033736739258370	1	2023-03-23 01:10:30.786
1088268509265543219	1013306449130160159	803749877702983760	360033736739258370	1	2023-03-23 01:10:31.66
1088268514630041691	1013306449130160159	803749877702983760	360033736739258370	1	2023-03-23 01:10:32.939
1088268518438490152	1013306449130160159	803749877702983760	360033736739258370	1	2023-03-23 01:10:33.847
1088268522330791976	1013306449130160159	803749877702983760	360033736739258370	1	2023-03-23 01:10:34.775
1088268525682049094	1013306449130160159	803749877702983760	360033736739258370	1	2023-03-23 01:10:35.574
1088268538747310111	1013306449130160159	803749877702983760	360033736739258370	1	2023-03-23 01:10:38.689
1088268542178246696	1013306449130160159	803749877702983760	360033736739258370	1	2023-03-23 01:10:39.507
1088268545810518077	1013306449130160159	803749877702983760	360033736739258370	1	2023-03-23 01:10:40.373
1088268549388242955	1013306449130160159	803749877702983760	360033736739258370	1	2023-03-23 01:10:41.226
1088268555696492594	1013306449130160159	803749877702983760	360033736739258370	1	2023-03-23 01:10:42.73
1088268558926098502	1013306449130160159	803749877702983760	360033736739258370	1	2023-03-23 01:10:43.5
1088268566375174194	1013306449130160159	803749877702983760	360033736739258370	1	2023-03-23 01:10:45.276
1088268576294703220	1013306449130160159	803749877702983760	360033736739258370	1	2023-03-23 01:10:47.641
1088268581319483473	1013306449130160159	803749877702983760	360033736739258370	1	2023-03-23 01:10:48.839
1088268585090162688	1013306449130160159	803749877702983760	360033736739258370	1	2023-03-23 01:10:49.738
1088268592866398218	1013306449130160159	803749877702983760	360033736739258370	1	2023-03-23 01:10:51.592
1088268609542946827	1013306449130160159	803749877702983760	360033736739258370	1	2023-03-23 01:10:55.568
1088268600344858816	1013306449130160159	803749877702983760	360033736739258370	1	2023-03-23 01:10:53.375
1088268616262238318	1013306449130160159	803749877702983760	360033736739258370	1	2023-03-23 01:10:57.17
1088275570799951872	1013306449130160159	803749877702983760	360033736739258370	1	2023-03-23 01:38:35.261
1088275573677240360	1013306449130160159	803749877702983760	360033736739258370	1	2023-03-23 01:38:35.947
1088275580232929333	1013306449130160159	803749877702983760	360033736739258370	1	2023-03-23 01:38:37.51
1088275588311162960	1013306449130160159	803749877702983760	360033736739258370	1	2023-03-23 01:38:39.436
1088275592442548225	1013306449130160159	803749877702983760	360033736739258370	1	2023-03-23 01:38:40.421
1088275596641042473	1013306449130160159	803749877702983760	360033736739258370	1	2023-03-23 01:38:41.422
1088275599480598539	1013306449130160159	803749877702983760	360033736739258370	1	2023-03-23 01:38:42.099
1088275603473563678	1013306449130160159	803749877702983760	360033736739258370	1	2023-03-23 01:38:43.051
1088275606925484184	1013306449130160159	803749877702983760	360033736739258370	1	2023-03-23 01:38:43.874
1088275610238992434	1013306449130160159	803749877702983760	360033736739258370	1	2023-03-23 01:38:44.664
1088275614101934121	1013306449130160159	803749877702983760	360033736739258370	1	2023-03-23 01:38:45.585
1088275617226686574	1013306449130160159	803749877702983760	360033736739258370	1	2023-03-23 01:38:46.33
1088275620791865364	1013306449130160159	803749877702983760	360033736739258370	1	2023-03-23 01:38:47.18
1088275624247971921	1013306449130160159	803749877702983760	360033736739258370	1	2023-03-23 01:38:48.004
1088275628433870859	1013306449130160159	803749877702983760	360033736739258370	1	2023-03-23 01:38:49.002
1088275631831257161	1013306449130160159	803749877702983760	360033736739258370	1	2023-03-23 01:38:49.812
1088275635618730016	1013306449130160159	803749877702983760	360033736739258370	1	2023-03-23 01:38:50.715
1088275639422963753	1013306449130160159	803749877702983760	360033736739258370	1	2023-03-23 01:38:51.622
1088275643118145576	1013306449130160159	803749877702983760	360033736739258370	1	2023-03-23 01:38:52.503
1088275645940899850	1013306449130160159	803749877702983760	360033736739258370	1	2023-03-23 01:38:53.176
1088275649279565854	1013306449130160159	803749877702983760	360033736739258370	1	2023-03-23 01:38:53.972
1088275654073663571	1013306449130160159	803749877702983760	360033736739258370	1	2023-03-23 01:38:55.115
1088275657634623549	1013306449130160159	803749877702983760	360033736739258370	1	2023-03-23 01:38:55.964
1088275661258506292	1013306449130160159	803749877702983760	360033736739258370	1	2023-03-23 01:38:56.828
1088275664559423498	1013306449130160159	803749877702983760	360033736739258370	1	2023-03-23 01:38:57.615
1088275671232561202	1013306449130160159	803749877702983760	360033736739258370	1	2023-03-23 01:38:59.206
1088276162746269807	1013306449130160159	803749877702983760	360033736739258370	1	2023-03-23 01:40:56.392
1088276170128244797	1013306449130160159	803749877702983760	360033736739258370	1	2023-03-23 01:40:58.152
1088276174519685220	1013306449130160159	803749877702983760	360033736739258370	1	2023-03-23 01:40:59.199
1088276178453925898	1013306449130160159	803749877702983760	360033736739258370	1	2023-03-23 01:41:00.137
1088276182216220802	1013306449130160159	803749877702983760	360033736739258370	1	2023-03-23 01:41:01.034
1088276185999491124	1013306449130160159	803749877702983760	360033736739258370	1	2023-03-23 01:41:01.936
1088276190470610964	1013306449130160159	803749877702983760	360033736739258370	1	2023-03-23 01:41:03.002
1088276194371317780	1013306449130160159	803749877702983760	360033736739258370	1	2023-03-23 01:41:03.932
1088276204722855957	1013306449130160159	803749877702983760	360033736739258370	1	2023-03-23 01:41:06.4
1088276208770371684	1013306449130160159	803749877702983760	360033736739258370	1	2023-03-23 01:41:07.365
1088276212448776244	1013306449130160159	803749877702983760	360033736739258370	1	2023-03-23 01:41:08.242
1088276217196716043	1013306449130160159	803749877702983760	360033736739258370	1	2023-03-23 01:41:09.374
1088276221017723011	1013306449130160159	803749877702983760	360033736739258370	1	2023-03-23 01:41:10.285
1088276224998121533	1013306449130160159	803749877702983760	360033736739258370	1	2023-03-23 01:41:11.234
1088276229058203678	1013306449130160159	803749877702983760	360033736739258370	1	2023-03-23 01:41:12.202
1088276233638383627	1013306449130160159	803749877702983760	360033736739258370	1	2023-03-23 01:41:13.294
1088276241662103702	1013306449130160159	803749877702983760	360033736739258370	1	2023-03-23 01:41:15.207
1088276245432762438	1013306449130160159	803749877702983760	360033736739258370	1	2023-03-23 01:41:16.106
1088276250042322994	1013306449130160159	803749877702983760	360033736739258370	1	2023-03-23 01:41:17.205
1088276253691347064	1013306449130160159	803749877702983760	360033736739258370	1	2023-03-23 01:41:18.075
1088276257285869698	1013306449130160159	803749877702983760	360033736739258370	1	2023-03-23 01:41:18.932
1088276261668925450	1013306449130160159	803749877702983760	360033736739258370	1	2023-03-23 01:41:19.977
1088276265359904798	1013306449130160159	803749877702983760	360033736739258370	1	2023-03-23 01:41:20.857
1088276270258864191	1013306449130160159	803749877702983760	360033736739258370	1	2023-03-23 01:41:22.025
1088276275090694144	1013306449130160159	803749877702983760	360033736739258370	1	2023-03-23 01:41:23.177
1088276278727159889	1013306449130160159	803749877702983760	360033736739258370	1	2023-03-23 01:41:24.044
1088276714305617930	1013306449130160159	803749877702983760	360033736739258370	1	2023-03-23 01:43:07.894
1088276718168592444	1013306449130160159	803749877702983760	360033736739258370	1	2023-03-23 01:43:08.815
1088276721591136326	1013306449130160159	803749877702983760	360033736739258370	1	2023-03-23 01:43:09.631
1088276729245749299	1013306449130160159	803749877702983760	360033736739258370	1	2023-03-23 01:43:11.456
1088276732269826058	1013306449130160159	803749877702983760	360033736739258370	1	2023-03-23 01:43:12.177
1088276735893721238	1013306449130160159	803749877702983760	360033736739258370	1	2023-03-23 01:43:13.041
1088276739416932392	1013306449130160159	803749877702983760	360033736739258370	1	2023-03-23 01:43:13.881
1088276743040811108	1013306449130160159	803749877702983760	360033736739258370	1	2023-03-23 01:43:14.745
1089318038513406042	1042881320646344758	445432481873657858	240645351705542658	-1	2023-03-25 22:40:58.932
1089318123754246295	1042881320646344758	445432481873657858	240645351705542658	-1	2023-03-25 22:41:19.255
1089318139369631755	1042881320646344758	445432481873657858	240645351705542658	-1	2023-03-25 22:41:22.978
1090792085445165127	1042881320646344758	445432481873657858	240645351705542658	-1	2023-03-30 00:18:19.107
1075968730493890591	1013306449130160159	803749877702983760	208308792155308033	3	2023-02-17 02:35:35.882
1076004574529323140	772710190553628685	772710190553628682	256212924723363844	3	2023-02-17 04:58:01.766
1085418194262573088	606367475491143690	445432481873657858	240645351705542658	3	2023-03-15 04:24:23.607
1085985727592005653	606367475491143690	445432481873657858	256212924723363844	3	2023-03-16 17:59:34.097
1087121835629486160	1013306449130160159	803749877702983760	208308792155308033	1	2023-03-19 21:14:03.361
1087122003875602462	606343351435919371	445432481873657858	240645351705542658	1	2023-03-19 21:14:43.474
1088262750754574486	831808522030809108	445432481873657858	240645351705542658	7	2023-03-23 00:47:38.724
1088263028803379332	828484348558835732	445432481873657858	718685740053037058	1	2023-03-23 00:48:45.016
1088268588927946782	1013306449130160159	803749877702983760	360033736739258370	1	2023-03-23 01:10:50.653
1088275668246216775	1013306449130160159	803749877702983760	360033736739258370	1	2023-03-23 01:38:58.494
1088276749466476647	1013306449130160159	803749877702983760	360033736739258370	1	2023-03-23 01:43:16.277
1088276752683499530	1013306449130160159	803749877702983760	360033736739258370	1	2023-03-23 01:43:17.044
1088276755837632522	1013306449130160159	803749877702983760	360033736739258370	1	2023-03-23 01:43:17.796
1088276759717367828	1013306449130160159	803749877702983760	360033736739258370	1	2023-03-23 01:43:18.721
1088276763311886346	1013306449130160159	803749877702983760	360033736739258370	1	2023-03-23 01:43:19.578
1088276767162236978	1013306449130160159	803749877702983760	360033736739258370	1	2023-03-23 01:43:20.496
1088276774091247726	1013306449130160159	803749877702983760	360033736739258370	1	2023-03-23 01:43:22.148
1088276777878683699	1013306449130160159	803749877702983760	360033736739258370	1	2023-03-23 01:43:23.051
1088276780231708742	1013306449130160159	803749877702983760	360033736739258370	1	2023-03-23 01:43:23.612
1088276783708782683	1013306449130160159	803749877702983760	360033736739258370	1	2023-03-23 01:43:24.441
1088276791413715016	1013306449130160159	803749877702983760	360033736739258370	1	2023-03-23 01:43:26.278
1088276794391666788	1013306449130160159	803749877702983760	360033736739258370	1	2023-03-23 01:43:26.988
1088276798116212756	1013306449130160159	803749877702983760	360033736739258370	1	2023-03-23 01:43:27.876
1088276801526186037	1013306449130160159	803749877702983760	360033736739258370	1	2023-03-23 01:43:28.689
1088276805120696370	1013306449130160159	803749877702983760	360033736739258370	1	2023-03-23 01:43:29.546
1088276808476139550	1013306449130160159	803749877702983760	360033736739258370	1	2023-03-23 01:43:30.346
1088276811881926676	1013306449130160159	803749877702983760	360033736739258370	1	2023-03-23 01:43:31.158
1088276815371587704	1013306449130160159	803749877702983760	360033736739258370	1	2023-03-23 01:43:31.99
1088276818966102097	1013306449130160159	803749877702983760	360033736739258370	1	2023-03-23 01:43:32.847
1088276822829056020	1013306449130160159	803749877702983760	360033736739258370	1	2023-03-23 01:43:33.768
1088276833520320512	1013306449130160159	803749877702983760	360033736739258370	1	2023-03-23 01:43:36.317
1088276845113397278	1013306449130160159	803749877702983760	360033736739258370	1	2023-03-23 01:43:39.081
1088553585823993947	828484348558835732	445432481873657858	240645351705542658	1	2023-03-23 20:03:19.208
1088506434049818656	606367475491143690	445432481873657858	240645351705542658	7	2023-03-23 16:55:57.349
1088553589598863521	828484348558835732	445432481873657858	240645351705542658	1	2023-03-23 20:03:20.108
1088553592450994267	828484348558835732	445432481873657858	240645351705542658	1	2023-03-23 20:03:20.788
1088553595739316305	828484348558835732	445432481873657858	240645351705542658	1	2023-03-23 20:03:21.572
1088606209038356541	828484348558835732	445432481873657858	240645351705542658	1	2023-03-23 23:32:25.56
1088606227438776331	828484348558835732	445432481873657858	240645351705542658	1	2023-03-23 23:32:29.947
1088606238138454136	828484348558835732	445432481873657858	240645351705542658	1	2023-03-23 23:32:32.498
1089312963342643210	606367475491143690	445432481873657858	240645351705542658	1	2023-03-25 22:20:48.917
1089313018518720523	606367475491143690	445432481873657858	240645351705542658	1	2023-03-25 22:21:02.072
1089313042623373503	606367475491143690	445432481873657858	240645351705542658	1	2023-03-25 22:21:07.819
1089326216684785694	606367475491143690	445432481873657858	194223346731188224	1	2023-03-25 23:13:28.76
1089318231795314718	1042881320646344758	445432481873657858	240645351705542658	3	2023-03-25 22:41:45.014
1092530965433294849	606367475491143690	445432481873657858	240645351705542658	1	2023-04-03 19:28:00.403
1090800365257101382	606367475491143690	445432481873657858	365555434775511052	3	2023-03-30 00:51:13.168
1091496713212145695	606367475491143690	445432481873657858	240645351705542658	7	2023-03-31 22:58:15.458
1091496738789015732	606367475491143690	445432481873657858	240645351705542658	7	2023-03-31 22:58:21.556
1091496767364804738	606367475491143690	445432481873657858	240645351705542658	7	2023-03-31 22:58:28.369
1092659332274987065	606367475491143690	445432481873657858	240645351705542658	1	2023-04-04 03:58:05.443
1092659334787379311	1092643907885596773	445432481873657858	240645351705542658	1	2023-04-04 03:58:06.042
1092659359688949760	1092643907885596773	445432481873657858	240645351705542658	1	2023-04-04 03:58:11.979
1092659365212864532	1092643907885596773	445432481873657858	240645351705542658	1	2023-04-04 03:58:13.296
1092659388172476416	1092643907885596773	445432481873657858	240645351705542658	1	2023-04-04 03:58:18.77
1092989336355622922	606367475491143690	445432481873657858	256212924723363844	6	2023-04-05 01:49:24.547
1092989401786757200	606367475491143690	445432481873657858	256212924723363844	6	2023-04-05 01:49:40.147
1092990402539303023	606367475491143690	445432481873657858	240645351705542658	5	2023-04-05 01:53:38.745
1093280138562633830	606367475491143690	445432481873657858	318530865648893953	3	2023-04-05 21:04:57.196
1088276725479252020	1013306449130160159	803749877702983760	360033736739258370	1	2023-03-23 01:43:10.558
1088276745901330504	1013306449130160159	803749877702983760	360033736739258370	1	2023-03-23 01:43:15.427
1088506364772491335	606367475491143690	445432481873657858	240645351705542658	3	2023-03-23 16:55:40.832
1093389193926942810	1013306449130160159	803749877702983760	208308792155308033	-1	2023-04-06 04:18:18.021
1093389136725016616	1013306449130160159	803749877702983760	208308792155308033	-1	2023-04-06 04:18:04.383
1093389118756630588	1013306449130160159	803749877702983760	208308792155308033	-1	2023-04-06 04:18:00.099
1093389125127782470	1013306449130160159	803749877702983760	208308792155308033	-1	2023-04-06 04:18:01.618
1093389112700059739	1013306449130160159	803749877702983760	208308792155308033	-1	2023-04-06 04:17:58.655
1093389107226480692	1013306449130160159	803749877702983760	208308792155308033	-1	2023-04-06 04:17:57.35
1093389101329285160	1013306449130160159	803749877702983760	208308792155308033	-1	2023-04-06 04:17:55.944
1093389096392593468	1013306449130160159	803749877702983760	208308792155308033	-1	2023-04-06 04:17:54.767
1093389081242779748	1013306449130160159	803749877702983760	208308792155308033	-1	2023-04-06 04:17:51.155
1093389396012699721	1013306449130160159	803749877702983760	208308792155308033	-1	2023-04-06 04:19:06.202
1093389389654138911	1013306449130160159	803749877702983760	208308792155308033	-1	2023-04-06 04:19:04.686
1093389384671301642	1013306449130160159	803749877702983760	208308792155308033	-1	2023-04-06 04:19:03.498
1093389378270789734	1013306449130160159	803749877702983760	208308792155308033	-1	2023-04-06 04:19:01.972
1093389373376037006	1013306449130160159	803749877702983760	208308792155308033	-1	2023-04-06 04:19:00.805
1093389368762322984	1013306449130160159	803749877702983760	208308792155308033	-1	2023-04-06 04:18:59.705
1093389300432908349	1013306449130160159	803749877702983760	208308792155308033	-1	2023-04-06 04:18:43.414
1093389279398465546	1013306449130160159	803749877702983760	208308792155308033	-1	2023-04-06 04:18:38.399
1093389597846798436	1013306449130160159	803749877702983760	360033736739258370	0	2023-04-06 04:19:54.323
1093389606063439973	1013306449130160159	803749877702983760	360033736739258370	0	2023-04-06 04:19:56.282
1093389643510194176	1013306449130160159	803749877702983760	360033736739258370	0	2023-04-06 04:20:05.21
1093389649466110033	1013306449130160159	803749877702983760	360033736739258370	0	2023-04-06 04:20:06.63
1093389654834810880	1013306449130160159	803749877702983760	360033736739258370	0	2023-04-06 04:20:07.91
1093389659268186203	1013306449130160159	803749877702983760	360033736739258370	0	2023-04-06 04:20:08.967
1093389664376860704	1013306449130160159	803749877702983760	360033736739258370	0	2023-04-06 04:20:10.185
1093389669724590190	1013306449130160159	803749877702983760	360033736739258370	0	2023-04-06 04:20:11.46
1093388952813191238	606343351435919371	445432481873657858	240645351705542658	0	2023-04-06 04:17:20.535
1093388956923605012	606343351435919371	445432481873657858	240645351705542658	0	2023-04-06 04:17:21.515
1093564506883489892	606367475491143690	445432481873657858	240645351705542658	-1	2023-04-06 15:54:55.887
1093579469186404402	1013306449130160159	803749877702983760	208308792155308033	1	2023-04-06 16:54:23.178
1093579737563148309	1013306449130160159	803749877702983760	208308792155308033	0	2023-04-06 16:55:27.164
1093579767120400394	1013306449130160159	803749877702983760	208308792155308033	0	2023-04-06 16:55:34.211
1093579804554576054	1013306449130160159	803749877702983760	208308792155308033	0	2023-04-06 16:55:43.136
1093579823978385479	1013306449130160159	803749877702983760	208308792155308033	0	2023-04-06 16:55:47.767
1093579889048813670	1013306449130160159	803749877702983760	208308792155308033	0	2023-04-06 16:56:03.281
1093579890755895336	1013306449130160159	803749877702983760	208308792155308033	0	2023-04-06 16:56:03.688
1093579892676907090	1013306449130160159	803749877702983760	208308792155308033	0	2023-04-06 16:56:04.146
1093579897093496862	1013306449130160159	803749877702983760	208308792155308033	0	2023-04-06 16:56:05.199
1093579895055065119	1013306449130160159	803749877702983760	208308792155308033	0	2023-04-06 16:56:04.713
1093579898305650822	1013306449130160159	803749877702983760	208308792155308033	0	2023-04-06 16:56:05.488
1093621241904124046	606367475491143690	445432481873657858	240645351705542658	1	2023-04-06 19:40:22.57
1093652022353465364	606367475491143690	445432481873657858	239876252331278347	-1	2023-04-06 21:42:41.201
1093649492592562329	606367475491143690	445432481873657858	318530865648893953	1	2023-04-06 21:32:38.059
1093642344810696727	606343351435919371	445432481873657858	285259653707726848	2	2023-04-06 21:04:13.895
1093708478528372906	606515035824586762	445432481873657858	256212924723363844	-1	2023-04-07 01:27:01.402
\.


--
-- Data for Name: Reaction; Type: TABLE DATA; Schema: public; Owner: -
--

COPY public."Reaction" ("createdAt", "userId", "messageId", "deltaA", "deltaB") FROM stdin;
2023-02-17 02:35:35.882	360033736739258370	1075968730493890591	16	-16
2023-02-17 02:36:01.785	360033736739258370	1075968839138938941	14.53049847102452	-14.53049847102452
2023-02-17 02:36:02.57	360033736739258370	1075968842431463525	13.21663516258643	-13.21663516258643
2023-02-17 02:36:03.488	360033736739258370	1075968846281846925	12.05380899538682	-12.05380899538682
2023-02-17 02:36:04.206	360033736739258370	1075968849293344768	11.03030299140234	-11.03030299140234
2023-02-17 02:36:04.999	360033736739258370	1075968852619427931	10.13132492180151	-10.13132492180152
2023-02-17 02:36:05.674	360033736739258370	1075968855450603520	9.341525666351853	-9.341525666351853
2023-02-17 02:36:07.221	360033736739258370	1075968861939187813	8.646371424583464	-8.646371424583467
2023-02-17 02:36:08.621	360033736739258370	1075968867811205140	8.032772400751998	-8.032772400752
2023-02-17 02:36:09.431	360033736739258370	1075968871208587294	7.489277369731983	-7.489277369731984
2023-02-17 02:36:10.443	360033736739258370	1075968875453235332	7.006038373304808	-7.00603837330481
2023-02-17 02:36:12.184	360033736739258370	1075968882755522612	6.574668318543271	-6.574668318543273
2023-02-17 02:36:11.375	208308792155308033	1075968879362330664	16	-16
2023-02-17 02:36:12.184	208308792155308033	1075968882755522612	16	-16
2023-02-17 02:36:10.443	208308792155308033	1075968875453235332	16	-16
2023-02-17 02:36:09.431	208308792155308033	1075968871208587294	16	-16
2023-02-17 02:36:07.221	208308792155308033	1075968861939187813	16	-16
2023-02-17 02:36:08.621	208308792155308033	1075968867811205140	16	-16
2023-02-17 02:36:05.674	208308792155308033	1075968855450603520	16	-16
2023-02-17 02:36:04.206	208308792155308033	1075968849293344768	16	-16
2023-02-17 02:36:04.999	208308792155308033	1075968852619427931	16	-16
2023-02-17 02:36:03.488	208308792155308033	1075968846281846925	16	-16
2023-02-17 02:36:02.57	208308792155308033	1075968842431463525	16	-16
2023-02-17 02:36:01.785	208308792155308033	1075968839138938941	16	-16
2023-02-17 02:35:35.882	208308792155308033	1075968730493890591	16	-16
2023-02-17 02:37:43.434	360033736739258370	1075969265485762661	6.188060119895692	-6.188060119895689
2023-02-17 02:37:48.837	360033736739258370	1075969288147566602	5.840203059567251	-5.840203059567253
2023-02-17 02:37:49.737	360033736739258370	1075969291922456666	5.526013132905948	-5.526013132905947
2023-02-17 02:37:51.494	360033736739258370	1075969299291852820	5.241183845093506	-5.241183845093508
2023-02-17 02:37:50.532	360033736739258370	1075969295256911892	4.982058625543466	-4.982058625543468
2023-02-17 02:37:52.484	360033736739258370	1075969303444213800	4.745523516813687	-4.745523516813688
2023-02-17 02:37:53.353	360033736739258370	1075969307089043586	4.528917783421292	-4.528917783421293
2023-02-17 02:37:54.909	360033736739258370	1075969313615396934	4.329959842152075	-4.329959842152075
2023-02-17 02:37:54.139	360033736739258370	1075969310385774714	4.146686037889882	-4.146686037889882
2023-02-17 02:37:56.666	360033736739258370	1075969320984776715	3.977400063721419	-3.977400063721419
2023-02-17 02:37:55.795	360033736739258370	1075969317331550208	3.820631141548766	-3.82063114154877
2023-02-17 02:37:58.266	360033736739258370	1075969327695671326	3.675099386997552	-3.675099386997556
2023-02-17 02:37:57.438	360033736739258370	1075969324222779432	3.53968705760229	-3.539687057602293
2023-02-17 04:48:53.34	256212924723363844	1076002274263965716	16	-16
2023-02-17 04:48:53.34	240645351705542658	1076002274263965716	15.26369320647801	-15.26369320647801
2023-02-17 04:58:01.766	256212924723363844	1076004574529323140	16	-16
2023-02-17 04:58:01.766	240645351705542658	1076004574529323140	16.03390813016919	-16.03390813016919
2023-02-17 04:59:00.215	256212924723363844	1076004819682209792	17.43897072623177	-17.43897072623177
2023-02-19 22:11:46.824	256212924723363844	1076989502209404939	15.83668644348384	-15.83668644348384
2023-02-19 22:12:06.23	256212924723363844	1076989583604076645	14.38360097785288	-14.38360097785288
2023-02-19 22:12:18.78	256212924723363844	1076989636242591786	13.08615942658756	-13.08615942658756
2023-02-19 22:12:24.501	256212924723363844	1076989660238200935	11.9387640935607	-11.9387640935607
2023-02-19 22:12:27.346	256212924723363844	1076989672170995742	10.92920856296099	-10.92920856296099
2023-02-19 22:12:06.23	718685740053037058	1076989583604076645	13.60881374940794	-13.60881374940794
2023-02-19 22:11:46.824	718685740053037058	1076989502209404939	12.40001478118595	-12.40001478118595
2023-02-19 22:12:18.78	718685740053037058	1076989636242591786	11.33466746223541	-11.3346674622354
2023-02-19 22:12:24.501	718685740053037058	1076989660238200935	10.39860119786112	-10.39860119786111
2023-02-19 22:12:27.346	718685740053037058	1076989672170995742	9.576447924134662	-9.576447924134664
2023-02-19 22:11:46.824	318530865648893953	1076989502209404939	11.11231384052757	-11.11231384052757
2023-02-19 22:12:06.23	318530865648893953	1076989583604076645	10.20334299171816	-10.20334299171816
2023-02-19 22:12:18.78	318530865648893953	1076989636242591786	9.404838322552699	-9.404838322552703
2023-02-19 22:12:24.501	318530865648893953	1076989660238200935	8.70216413603869	-8.702164136038686
2023-02-19 22:12:27.346	318530865648893953	1076989672170995742	8.082095752459885	-8.082095752459887
2023-02-20 02:32:57.967	256212924723363844	1077055231747182642	6.403107777300587	-6.403107777300586
2023-02-20 02:32:57.967	239876252331278347	1077055231747182642	10.18656564400962	-10.18656564400961
2023-02-20 02:32:57.967	447919795271237632	1077055231747182642	8.605728196757234	-8.605728196757232
2023-02-21 22:25:43.924	256212924723363844	1077717788992475176	14.50018139284752	-14.50018139284752
2023-02-21 22:25:43.924	318530865648893953	1077717788992475176	15.7841967916678	-15.7841967916678
2023-02-21 22:25:43.924	240645351705542658	1077717788992475176	24.62248321757324	-24.62248321757324
2023-02-22 01:10:19.202	240645351705542658	1077759208910503957	22.8927278078789	-22.8927278078789
2023-02-22 17:16:19.387	256212924723363844	1078002311546278008	6.444974357624691	-6.444974357624691
2023-02-23 03:28:08.363	239876252331278347	1078156280151150603	16.96944862355878	-16.96944862355878
2023-02-23 03:28:08.363	718685740053037058	1078156280151150603	16.16170944126205	-16.16170944126205
2023-02-23 03:28:08.363	208308792155308033	1078156280151150603	22.56446826499787	-22.56446826499787
2023-02-23 03:28:08.363	240645351705542658	1078156280151150603	19.86279319859866	-19.86279319859866
2023-02-23 07:03:57.352	240645351705542658	1078210592147509298	16	-16
2023-02-25 17:57:36.363	256212924723363844	1079099864333430855	6.654043905406013	-6.654043905406011
2023-02-25 23:56:26.669	256212924723363844	1079190168981999726	10.60579686261356	-10.60579686261356
2023-02-25 23:56:26.669	239876252331278347	1079190168981999726	15.50199880880256	-15.50199880880256
2023-02-25 23:56:26.669	365555434775511052	1079190168981999726	14.60235018409005	-14.60235018409005
2023-02-26 07:03:23.925	256212924723363844	1079297615541325876	5.957621620075507	-5.957621620075509
2023-02-26 07:03:23.925	365555434775511052	1079297615541325876	9.544975869756723	-9.544975869756723
2023-02-27 01:50:17.898	208308792155308033	1079581209098735616	27.07764989408622	-27.07764989408622
2023-02-27 01:50:17.898	718685740053037058	1079581209098735616	22.58871493654276	-22.58871493654276
2023-02-27 16:17:31.862	718685740053037058	1079799455362072586	17.55325607195991	-17.55325607195991
2023-02-27 16:17:31.862	208308792155308033	1079799455362072586	21.67363016627552	-21.67363016627552
2023-02-27 16:17:31.862	256212924723363844	1079799455362072586	11.00079928389034	-11.00079928389034
2023-02-27 16:17:31.862	240645351705542658	1079799455362072586	20.68181467510602	-20.68181467510601
2023-02-27 16:17:31.862	318530865648893953	1079799455362072586	10.56897079327458	-10.56897079327458
2023-02-27 17:52:10.795	718685740053037058	1079823274533462109	13.03233556075507	-13.03233556075507
2023-02-27 17:52:10.795	240645351705542658	1079823274533462109	17.82305516952077	-17.82305516952077
2023-02-27 17:52:10.795	208308792155308033	1079823274533462109	16.56800961417271	-16.56800961417271
2023-03-02 05:38:02.592	718685740053037058	1080725686576234538	10.96398322561791	-10.96398322561791
2023-03-02 19:29:50.513	256212924723363844	1080935015568912414	7.30820235659208	-7.308202356592077
2023-03-02 19:29:50.513	208308792155308033	1080935015568912414	14.77674742385036	-14.77674742385036
2023-03-02 19:29:50.513	142470336544243712	1080935015568912414	9.955212005327873	-9.955212005327873
2023-03-05 00:28:53.772	256212924723363844	1081735050783105034	6.10974713772098	-6.109747137720982
2023-03-05 22:16:30.061	256212924723363844	1082064120309883051	5.769571874061139	-5.769571874061143
2023-03-05 22:16:30.061	718685740053037058	1082064120309883051	8.414542963522141	-8.41454296352214
2023-03-05 22:16:30.061	318530865648893953	1082064120309883051	6.359272535286628	-6.359272535286629
2023-03-05 22:51:47.526	256212924723363844	1082073001601810462	5.087553509488693	-5.087553509488693
2023-03-05 22:51:47.526	239876252331278347	1082073001601810462	13.16176130942657	-13.16176130942657
2023-03-05 22:16:30.061	239876252331278347	1082064120309883051	12.00541717519439	-12.00541717519439
2023-03-05 22:51:47.526	318530865648893953	1082073001601810462	5.191735935990522	-5.191735935990524
2023-03-05 22:51:47.526	208308792155308033	1082073001601810462	10.34936243580267	-10.34936243580267
2023-03-05 22:51:47.526	240645351705542658	1082073001601810462	16	-16
2023-03-05 23:14:49.568	240645351705542658	1082078798306082898	27.30667491582869	-27.3066749158287
2023-03-05 23:14:49.568	256212924723363844	1082078798306082898	13.19022935348715	-13.19022935348715
2023-03-05 23:14:49.568	208308792155308033	1082078798306082898	21.1724681258851	-21.17246812588509
2023-03-06 01:21:26.959	1045252705330933800	1082110664073547896	16	-16
2023-03-06 01:21:26.959	208308792155308033	1082110664073547896	18.30541637523913	-18.30541637523913
2023-03-06 01:21:26.959	240645351705542658	1082110664073547896	23.43641587360808	-23.43641587360808
2023-03-06 01:21:26.959	718685740053037058	1082110664073547896	12.85181833252997	-12.85181833252997
2023-03-06 01:21:26.959	318530865648893953	1082110664073547896	12.45252886816385	-12.45252886816385
2023-03-07 20:44:13.826	208308792155308033	1082765675388481697	9.972820476226836	-9.972820476226834
2023-03-07 20:44:13.826	256212924723363844	1082765675388481697	4.53948092653965	-4.539480926539651
2023-03-07 20:44:13.826	142470336544243712	1082765675388481697	7.883750289439135	-7.883750289439133
2023-03-07 20:44:13.826	318530865648893953	1082765675388481697	6.77553369618931	-6.77553369618931
2023-03-07 23:11:43.046	244621150112448512	1082802791707312219	17.96870554328273	-17.96870554328273
2023-03-07 23:11:43.046	142470336544243712	1082802791707312219	16.32968137127038	-16.32968137127037
2023-03-07 23:11:43.046	256212924723363844	1082802791707312219	10.32550021728756	-10.32550021728756
2023-03-11 14:47:23.511	318530865648893953	1084125425481023540	22.48779210646657	-22.48779210646657
2023-03-11 14:47:23.511	240645351705542658	1084125425481023540	27.71396055961792	-27.71396055961792
2023-03-11 14:47:23.511	208308792155308033	1084125425481023540	21.30589970182733	-21.30589970182733
2023-03-11 14:47:23.511	239876252331278347	1084125425481023540	23.2088307643846	-23.2088307643846
2023-03-11 14:47:23.511	718685740053037058	1084125425481023540	16.58543669496529	-16.58543669496529
2023-03-11 22:48:13.247	256212924723363844	1084246430044139612	11.36752400239362	-11.36752400239362
2023-03-11 22:48:13.247	365555434775511052	1084246430044139612	11.40946122614325	-11.40946122614325
2023-03-11 22:48:13.247	718685740053037058	1084246430044139612	9.615749289997748	-9.615749289997748
2023-03-11 22:48:13.247	240645351705542658	1084246430044139612	19.25943590530268	-19.25943590530268
2023-03-13 05:31:55.895	256212924723363844	1084710415059144754	7.693581250363536	-7.693581250363539
2023-03-13 05:31:55.895	365555434775511052	1084710415059144754	7.850244944955683	-7.850244944955683
2023-03-15 04:24:23.607	256212924723363844	1085418194262573088	6.939194696595848	-6.939194696595849
2023-03-15 04:24:23.607	718685740053037058	1085418194262573088	6.394201039842962	-6.394201039842958
2023-03-15 12:26:35.905	244621150112448512	1085539545115795456	15.17324751987645	-15.17324751987645
2023-03-15 12:26:35.905	240645351705542658	1085539545115795456	23.09913550358039	-23.09913550358039
2023-03-15 16:14:36.027	256212924723363844	1085596923706224690	7.02802508658522	-7.028025086585221
2023-03-15 17:29:48.134	256212924723363844	1085615848854655036	6.594333176883772	-6.594333176883774
2023-03-15 17:29:48.134	718685740053037058	1085615848854655036	6.297221469337103	-6.297221469337104
2023-03-15 18:29:26.085	718685740053037058	1085630855868841984	5.938560510354307	-5.938560510354309
2023-03-16 17:59:34.097	365555434775511052	1085985727592005653	17.5025386364328	-17.5025386364328
2023-03-16 17:59:34.097	240645351705542658	1085985727592005653	25.64121532223137	-25.64121532223137
2023-03-19 19:25:38.802	718685740053037058	1087094553531646172	13.61315242954584	-13.61315242954584
2023-03-19 20:57:18.784	718685740053037058	1087117622128165054	12.40384858388246	-12.40384858388247
2023-03-19 20:57:19.657	718685740053037058	1087117625789780028	11.33803929656548	-11.33803929656548
2023-03-19 20:57:20.989	718685740053037058	1087117631376593017	10.40156219662179	-10.40156219662179
2023-03-19 20:57:21.808	718685740053037058	1087117634811740160	9.579049833038567	-9.57904983303857
2023-03-19 20:57:22.533	718685740053037058	1087117637852614758	8.855616295640523	-8.855616295640523
2023-03-19 20:57:23.286	718685740053037058	1087117641010921472	8.217681143385473	-8.217681143385477
2023-03-19 20:57:24.479	718685740053037058	1087117646014722078	7.653273851639902	-7.653273851639901
2023-03-19 20:57:25.444	718685740053037058	1087117650062213210	7.152054297783554	-7.152054297783554
2023-03-19 20:57:26.168	718685740053037058	1087117653098909746	6.705194576788859	-6.705194576788863
2023-03-19 20:57:29.413	718685740053037058	1087117666709426278	6.305205175202538	-6.305205175202534
2023-03-19 20:59:52.059	208308792155308033	1087118265010094202	12.88971275881748	-12.88971275881749
2023-03-19 20:59:52.059	718685740053037058	1087118265010094202	5.594892020635186	-5.594892020635184
2023-03-19 21:00:24.655	718685740053037058	1087118401727643781	5.303714516541202	-5.303714516541204
2023-03-19 21:00:25.716	718685740053037058	1087118406177796170	5.039023136930489	-5.039023136930489
2023-03-19 21:00:26.706	718685740053037058	1087118410330144930	4.797588728017629	-4.797588728017631
2023-03-19 21:01:09.423	208308792155308033	1087118589498232853	10.89247756842116	-10.89247756842116
2023-03-19 21:01:54.648	240645351705542658	1087118779185627257	18.02463272200608	-18.02463272200608
2023-03-19 21:01:54.648	208308792155308033	1087118779185627257	9.310763981742909	-9.310763981742907
2023-03-19 21:01:54.648	718685740053037058	1087118779185627257	3.779410499392483	-3.779410499392483
2023-03-19 21:14:00.587	360033736739258370	1087121823994495067	9.402383522166446	-9.402383522166446
2023-03-19 21:14:00.945	360033736739258370	1087121825496043680	8.700001155541976	-8.700001155541978
2023-03-19 21:14:01.273	360033736739258370	1087121826871791636	8.080183848091696	-8.080183848091696
2023-03-19 21:14:01.551	360033736739258370	1087121828037795840	7.531345542650925	-7.531345542650927
2023-03-19 21:14:01.784	360033736739258370	1087121829015076864	7.043511601432648	-7.043511601432647
2023-03-19 21:14:02.02	360033736739258370	1087121830004932678	6.6081820117479	-6.608182011747899
2023-03-19 21:14:02.269	360033736739258370	1087121831049306203	6.218151996325048	-6.218151996325052
2023-03-19 21:14:02.538	360033736739258370	1087121832177573908	5.867327783578865	-5.867327783578866
2023-03-19 21:14:02.859	360033736739258370	1087121833523945514	5.550555466900068	-5.550555466900066
2023-03-19 21:14:03.116	360033736739258370	1087121834601877505	5.263470035639248	-5.263470035639247
2023-03-19 21:14:03.361	360033736739258370	1087121835629486160	5.002366050092665	-5.002366050092664
2023-03-19 21:14:03.64	360033736739258370	1087121836799701062	4.764088753240753	-4.764088753240753
2023-03-19 21:14:03.888	360033736739258370	1087121837839892612	4.545943311262196	-4.545943311262198
2023-03-19 21:14:43.474	208308792155308033	1087122003875602462	12.04841097202115	-12.04841097202115
2023-03-19 21:14:50.433	208308792155308033	1087122033063759903	11.02555908488423	-11.02555908488423
2023-03-19 21:14:57.774	208308792155308033	1087122063854157928	10.1271589928334	-10.1271589928334
2023-03-19 21:14:58.638	208308792155308033	1087122067478028369	9.337863000030929	-9.337863000030927
2023-03-19 21:15:02.028	360033736739258370	1087122081696718989	5.34978132195473	-5.349781321954728
2023-03-19 21:15:02.356	360033736739258370	1087122083072450620	5.080961362327411	-5.080961362327411
2023-03-19 21:15:02.676	360033736739258370	1087122084414640229	4.835895733849551	-4.835895733849552
2023-03-19 21:15:02.966	360033736739258370	1087122085630980106	4.611755344843743	-4.611755344843743
2023-03-19 21:15:03.283	360033736739258370	1087122086960566373	4.406117679265343	-4.406117679265345
2023-03-19 21:15:03.629	360033736739258370	1087122088411807964	4.216900807591283	-4.216900807591286
2023-03-19 21:15:03.858	360033736739258370	1087122089372291072	4.042308869299113	-4.042308869299111
2023-03-19 21:15:04.137	360033736739258370	1087122090542514308	3.880787017649098	-3.880787017649098
2023-03-19 21:15:04.38	360033736739258370	1087122091561725993	3.730984132859255	-3.73098413285926
2023-03-19 21:15:24.555	208308792155308033	1087122176181813448	10.17605285538615	-10.17605285538615
2023-03-19 21:15:30.309	208308792155308033	1087122200315834378	9.380848131804918	-9.38084813180492
2023-03-19 21:15:34.779	360033736739258370	1087122219064373268	3.966659294831615	-3.966659294831616
2023-03-19 21:15:35.07	360033736739258370	1087122220284919939	3.81067124127971	-3.810671241279713
2023-03-19 21:15:35.306	360033736739258370	1087122221274759259	3.665841702946047	-3.665841702946049
2023-03-19 21:15:35.553	360033736739258370	1087122222310752397	3.531062770486265	-3.531062770486268
2023-03-19 21:15:35.974	360033736739258370	1087122224076562435	3.405363307569683	-3.405363307569683
2023-03-19 21:15:36.253	360033736739258370	1087122225246765166	3.287889202199302	-3.287889202199304
2023-03-19 21:15:36.432	360033736739258370	1087122225997545504	3.177886820813708	-3.177886820813709
2023-03-19 21:15:36.686	360033736739258370	1087122227062907023	3.074689099585044	-3.074689099585041
2023-03-19 21:15:37.382	360033736739258370	1087122229982142484	2.977703813083593	-2.977703813083591
2023-03-19 21:15:37.637	360033736739258370	1087122231051698277	2.886403645942863	-2.886403645942866
2023-03-19 21:15:37.905	360033736739258370	1087122232175771698	2.800317762141674	-2.800317762141671
2023-03-19 21:15:42.412	208308792155308033	1087122251079495841	10.07527524704324	-10.07527524704324
2023-03-19 21:15:44.98	208308792155308033	1087122261850464416	9.292244109344235	-9.292244109344235
2023-03-19 21:20:29.771	208308792155308033	1087123456350494970	8.602933737961084	-8.602933737961084
2023-03-19 21:20:30.875	208308792155308033	1087123460980998154	7.994361266038016	-7.994361266038016
2023-03-19 21:46:54.441	208308792155308033	1087130102938222653	7.455185473799787	-7.455185473799786
2023-03-19 21:48:52.923	208308792155308033	1087130599887732816	6.975661231056836	-6.975661231056835
2023-03-20 22:15:18.154	240645351705542658	1087499636694065202	23.50737782028393	-23.50737782028394
2023-03-20 22:15:18.154	365555434775511052	1087499636694065202	9.112836098355718	-9.112836098355716
2023-03-20 22:15:18.154	318530865648893953	1087499636694065202	10.31765257419321	-10.31765257419321
2023-03-20 22:17:12.849	447919795271237632	1087500117759766608	10.39459182281294	-10.39459182281294
2023-03-20 22:17:12.849	718685740053037058	1087500117759766608	3.943980385972132	-3.943980385972133
2023-03-20 22:17:12.849	208308792155308033	1087500117759766608	10.83673447609781	-10.83673447609782
2023-03-20 22:17:12.849	240645351705542658	1087500117759766608	19.84872918927645	-19.84872918927645
2023-03-20 22:17:12.849	365555434775511052	1087500117759766608	6.617302061458254	-6.617302061458253
2023-03-20 22:18:44.282	285259653707726848	1087500501257572383	14.2146889301939	-14.2146889301939
2023-03-20 22:18:44.282	718685740053037058	1087500501257572383	2.365226107176031	-2.365226107176027
2023-03-20 22:18:44.282	208308792155308033	1087500501257572383	7.03829359278717	-7.038293592787171
2023-03-20 22:18:44.282	365555434775511052	1087500501257572383	4.615255367437726	-4.615255367437729
2023-03-20 22:19:57.769	718685740053037058	1087500809484374096	2.166763048626699	-2.166763048626699
2023-03-20 22:19:57.769	365555434775511052	1087500809484374096	4.36212845259594	-4.362128452595938
2023-03-20 22:19:57.769	208308792155308033	1087500809484374096	6.273640250256101	-6.273640250256102
2023-03-20 22:20:05.572	208308792155308033	1087500842212532365	5.917322542366446	-5.917322542366442
2023-03-20 22:20:05.572	718685740053037058	1087500842212532365	1.936150398488376	-1.936150398488379
2023-03-20 22:20:05.572	365555434775511052	1087500842212532365	3.88981647932231	-3.889816479322308
2023-03-20 22:21:22.324	208308792155308033	1087501164133748816	5.442607064853107	-5.442607064853107
2023-03-20 22:21:22.324	718685740053037058	1087501164133748816	1.802415424124206	-1.802415424124206
2023-03-20 22:21:22.324	318530865648893953	1087501164133748816	4.825663809979922	-4.825663809979921
2023-03-20 22:22:53.898	365555434775511052	1087501548222951484	3.515940501069185	-3.515940501069184
2023-03-21 15:32:24.734	142470336544243712	1087760633887465542	8.414788612227536	-8.414788612227536
2023-03-21 15:32:25.613	142470336544243712	1087760637574266900	7.827881043378625	-7.827881043378627
2023-03-21 15:32:27.779	142470336544243712	1087760646659121292	7.307322482923944	-7.307322482923944
2023-03-21 15:32:28.099	142470336544243712	1087760648001290321	6.843814942737751	-6.843814942737751
2023-03-21 15:32:28.557	142470336544243712	1087760649922293791	6.429457668236545	-6.429457668236544
2023-03-21 15:32:29.562	142470336544243712	1087760654137561088	6.057562376793179	-6.057562376793177
2023-03-21 15:32:30.822	142470336544243712	1087760659422380072	5.722473439298408	-5.722473439298407
2023-03-21 15:32:31.669	142470336544243712	1087760662974959616	5.419405261848581	-5.419405261848582
2023-03-21 15:32:33.086	142470336544243712	1087760668918288525	5.144300972188624	-5.144300972188626
2023-03-22 23:40:21.526	718685740053037058	1088245817518866452	1.688952906926257	-1.688952906926261
2023-03-22 23:40:22.217	718685740053037058	1088245820417134612	1.658114081669837	-1.658114081669838
2023-03-22 23:40:22.815	718685740053037058	1088245822925316177	1.628356740162861	-1.628356740162859
2023-03-22 23:40:23.688	718685740053037058	1088245826586935416	1.599625840611537	-1.599625840611535
2023-03-23 00:46:10.494	718685740053037058	1088262380691136532	1.571869968784419	-1.57186996878442
2023-03-23 00:47:38.724	718685740053037058	1088262750754574486	1.545041047095786	-1.54504104709579
2023-03-23 00:47:38.724	256212924723363844	1088262750754574486	12.24496289511164	-12.24496289511164
2023-03-23 00:47:38.724	208308792155308033	1088262750754574486	4.414548083477065	-4.414548083477065
2023-03-23 00:47:38.724	244621150112448512	1088262750754574486	4.02247040165895	-4.022470401658951
2023-03-23 00:47:45.856	718685740053037058	1088262780668346378	1.355813462618737	-1.355813462618738
2023-03-23 00:48:00.653	718685740053037058	1088262842731462707	1.335690882823915	-1.335690882823917
2023-03-23 00:48:14.001	718685740053037058	1088262898717040780	1.316146471649862	-1.316146471649859
2023-03-23 00:48:45.016	240645351705542658	1088263028803379332	30.70284403526392	-30.70284403526392
2023-03-23 00:48:50.792	208308792155308033	1088263053029679114	4.726652375487003	-4.726652375487005
2023-03-23 00:48:50.792	718685740053037058	1088263053029679114	1.769907832081547	-1.769907832081545
2023-03-23 00:48:52.346	208308792155308033	1088263059547627581	4.472266178375232	-4.472266178375234
2023-03-23 00:48:52.346	718685740053037058	1088263059547627581	1.694355362812985	-1.694355362812985
2023-03-23 01:00:27.01	208308792155308033	1088265973179625532	23.55023716927188	-23.55023716927188
2023-03-23 01:03:13.308	718685740053037058	1088266670683992135	1.890547730698987	-1.890547730698988
2023-03-23 01:09:00.327	208308792155308033	1088268126187163750	26.9228643103392	-26.9228643103392
2023-03-23 01:09:01.33	208308792155308033	1088268130394066995	25.4552963394892	-25.4552963394892
2023-03-23 01:09:03.36	208308792155308033	1088268138908487701	23.79787350250291	-23.79787350250291
2023-03-23 01:09:05.001	208308792155308033	1088268145791352953	22.01898079250248	-22.01898079250248
2023-03-23 01:09:05.823	208308792155308033	1088268149239058492	20.20099570881882	-20.20099570881882
2023-03-23 01:09:07.893	208308792155308033	1088268157921284106	18.42238634054761	-18.42238634054761
2023-03-23 01:09:09.052	208308792155308033	1088268162782466088	16.7438524342231	-16.7438524342231
2023-03-23 01:09:10.131	208308792155308033	1088268167308136468	15.2028837158958	-15.2028837158958
2023-03-23 01:09:11.109	208308792155308033	1088268171410149397	13.81570939592719	-13.81570939592718
2023-03-23 01:10:29.686	208308792155308033	1088268500985974915	12.58293342858907	-12.58293342858907
2023-03-23 01:10:30.786	208308792155308033	1088268505599725679	11.49558361518897	-11.49558361518897
2023-03-23 01:10:31.66	208308792155308033	1088268509265543219	10.5399153813369	-10.5399153813369
2023-03-23 01:10:32.939	208308792155308033	1088268514630041691	9.700610865079668	-9.70061086507967
2023-03-23 01:10:33.847	208308792155308033	1088268518438490152	8.962637315168951	-8.962637315168955
2023-03-23 01:10:34.775	208308792155308033	1088268522330791976	8.312180443156347	-8.312180443156349
2023-03-23 01:10:35.574	208308792155308033	1088268525682049094	7.73701182532735	-7.737011825327351
2023-03-23 01:10:38.689	208308792155308033	1088268538747310111	7.226542201192022	-7.226542201192021
2023-03-23 01:10:39.507	208308792155308033	1088268542178246696	6.771718204960496	-6.771718204960495
2023-03-23 01:10:40.373	208308792155308033	1088268545810518077	6.36485355504453	-6.364853555044531
2023-03-23 01:10:41.226	208308792155308033	1088268549388242955	5.999443734561044	-5.999443734561043
2023-03-23 01:10:42.73	208308792155308033	1088268555696492594	5.669988470200263	-5.669988470200259
2023-03-23 01:10:43.5	208308792155308033	1088268558926098502	5.371832519323803	-5.371832519323804
2023-03-23 01:10:45.276	208308792155308033	1088268566375174194	5.101027970104425	-5.101027970104425
2023-03-23 01:10:47.641	208308792155308033	1088268576294703220	4.854217643722478	-4.854217643722477
2023-03-23 01:10:48.839	208308792155308033	1088268581319483473	4.62853758965225	-4.628537589652248
2023-03-23 01:10:49.738	208308792155308033	1088268585090162688	4.421536125902147	-4.42153612590215
2023-03-23 01:10:50.653	208308792155308033	1088268588927946782	4.231106861750046	-4.231106861750045
2023-03-23 01:10:51.592	208308792155308033	1088268592866398218	4.055433362154321	-4.055433362154323
2023-03-23 01:10:53.375	208308792155308033	1088268600344858816	3.892943419605043	-3.892943419605043
2023-03-23 01:10:55.568	208308792155308033	1088268609542946827	3.742271215596809	-3.742271215596809
2023-03-23 01:10:57.17	208308792155308033	1088268616262238318	3.602225945895928	-3.602225945895926
2023-03-23 01:38:35.261	208308792155308033	1088275570799951872	3.471765738420313	-3.471765738420313
2023-03-23 01:38:35.947	208308792155308033	1088275573677240360	3.349975907594832	-3.349975907594833
2023-03-23 01:38:37.51	208308792155308033	1088275580232929333	3.236050767156229	-3.236050767156229
2023-03-23 01:38:39.436	208308792155308033	1088275588311162960	3.129278369154338	-3.12927836915434
2023-03-23 01:38:40.421	208308792155308033	1088275592442548225	3.029027655340645	-3.029027655340648
2023-03-23 01:38:41.422	208308792155308033	1088275596641042473	2.934737602977084	-2.934737602977084
2023-03-23 01:38:42.099	208308792155308033	1088275599480598539	2.845908024492559	-2.845908024492559
2023-03-23 01:38:43.051	208308792155308033	1088275603473563678	2.762091742878539	-2.762091742878539
2023-03-23 01:38:43.874	208308792155308033	1088275606925484184	2.682887915152897	-2.682887915152895
2023-03-23 01:38:44.664	208308792155308033	1088275610238992434	2.607936316999648	-2.607936316999647
2023-03-23 01:38:45.585	208308792155308033	1088275614101934121	2.536912434720733	-2.536912434720734
2023-03-23 01:38:46.33	208308792155308033	1088275617226686574	2.469523237445447	-2.469523237445446
2023-03-23 01:38:47.18	208308792155308033	1088275620791865364	2.405503524358849	-2.405503524358851
2023-03-23 01:38:48.004	208308792155308033	1088275624247971921	2.344612759510351	-2.344612759510356
2023-03-23 01:38:49.002	208308792155308033	1088275628433870859	2.28663232132687	-2.28663232132687
2023-03-23 01:38:49.812	208308792155308033	1088275631831257161	2.231363105905881	-2.231363105905882
2023-03-23 01:38:50.715	208308792155308033	1088275635618730016	2.178623432998624	-2.178623432998623
2023-03-23 01:38:51.622	208308792155308033	1088275639422963753	2.128247211712122	-2.128247211712125
2023-03-23 01:38:52.503	208308792155308033	1088275643118145576	2.080082329680266	-2.080082329680266
2023-03-23 01:38:53.176	208308792155308033	1088275645940899850	2.033989235034895	-2.033989235034895
2023-03-23 01:38:53.972	208308792155308033	1088275649279565854	1.989839685156181	-1.989839685156177
2023-03-23 01:38:55.115	208308792155308033	1088275654073663571	1.94751564006333	-1.947515640063328
2023-03-23 01:38:55.964	208308792155308033	1088275657634623549	1.906908281558607	-1.906908281558608
2023-03-23 01:38:56.828	208308792155308033	1088275661258506292	1.867917141968711	-1.867917141968709
2023-03-23 01:38:57.615	208308792155308033	1088275664559423498	1.830449328628259	-1.830449328628261
2023-03-23 01:38:58.494	208308792155308033	1088275668246216775	1.794418832193085	-1.794418832193083
2023-03-23 01:38:59.206	208308792155308033	1088275671232561202	1.759745908516109	-1.75974590851611
2023-03-23 01:40:56.392	208308792155308033	1088276162746269807	1.726356525215856	-1.726356525215852
2023-03-23 01:40:58.152	208308792155308033	1088276170128244797	1.694181865256049	-1.694181865256044
2023-03-23 01:40:59.199	208308792155308033	1088276174519685220	1.663157880869754	-1.663157880869755
2023-03-23 01:41:00.137	208308792155308033	1088276178453925898	1.633224892028714	-1.633224892028714
2023-03-23 01:41:01.034	208308792155308033	1088276182216220802	1.604327224402699	-1.604327224402703
2023-03-23 01:41:01.936	208308792155308033	1088276185999491124	1.576412882392855	-1.576412882392854
2023-03-23 01:41:03.002	208308792155308033	1088276190470610964	1.549433253373472	-1.549433253373472
2023-03-23 01:41:03.932	208308792155308033	1088276194371317780	1.523342839751891	-1.523342839751888
2023-03-23 01:41:06.4	208308792155308033	1088276204722855957	1.498099015867041	-1.498099015867041
2023-03-23 01:41:07.365	208308792155308033	1088276208770371684	1.473661807103646	-1.473661807103646
2023-03-23 01:41:08.242	208308792155308033	1088276212448776244	1.449993688908204	-1.449993688908204
2023-03-23 01:41:09.374	208308792155308033	1088276217196716043	1.427059403662309	-1.427059403662309
2023-03-23 01:41:10.285	208308792155308033	1088276221017723011	1.404825793603642	-1.404825793603642
2023-03-23 01:41:11.234	208308792155308033	1088276224998121533	1.383261648189919	-1.383261648189917
2023-03-23 01:41:12.202	208308792155308033	1088276229058203678	1.36233756448064	-1.362337564480644
2023-03-23 01:41:13.294	208308792155308033	1088276233638383627	1.342025819269018	-1.342025819269016
2023-03-23 01:41:15.207	208308792155308033	1088276241662103702	1.322300251834221	-1.32230025183422
2023-03-23 01:41:16.106	208308792155308033	1088276245432762438	1.303136156306319	-1.30313615630632
2023-03-23 01:41:17.205	208308792155308033	1088276250042322994	1.284510182742832	-1.284510182742833
2023-03-23 01:41:18.075	208308792155308033	1088276253691347064	1.26640024611082	-1.266400246110821
2023-03-23 01:41:18.932	208308792155308033	1088276257285869698	1.248785442451911	-1.248785442451909
2023-03-23 01:41:19.977	208308792155308033	1088276261668925450	1.231645971581674	-1.231645971581675
2023-03-23 01:41:20.857	208308792155308033	1088276265359904798	1.214963065740587	-1.214963065740587
2023-03-23 01:41:22.025	208308792155308033	1088276270258864191	1.198718923671908	-1.19871892367191
2023-03-23 01:41:23.177	208308792155308033	1088276275090694144	1.182896649653944	-1.182896649653945
2023-03-23 01:41:24.044	208308792155308033	1088276278727159889	1.167480197060165	-1.167480197060163
2023-03-23 01:43:07.894	208308792155308033	1088276714305617930	1.152454316061956	-1.152454316061956
2023-03-23 01:43:08.815	208308792155308033	1088276718168592444	1.137804505125583	-1.137804505125583
2023-03-23 01:43:09.631	208308792155308033	1088276721591136326	1.12351696598785	-1.123516965987845
2023-03-23 01:43:10.558	208308792155308033	1088276725479252020	1.109578561824371	-1.109578561824374
2023-03-23 01:43:11.456	208308792155308033	1088276729245749299	1.09597677835098	-1.095976778350983
2023-03-23 01:43:12.177	208308792155308033	1088276732269826058	1.082699687622213	-1.082699687622213
2023-03-23 01:43:13.041	208308792155308033	1088276735893721238	1.069735914312467	-1.069735914312468
2023-03-23 01:43:13.881	208308792155308033	1088276739416932392	1.057074604284434	-1.057074604284433
2023-03-23 01:43:14.745	208308792155308033	1088276743040811108	1.044705395266682	-1.044705395266682
2023-03-23 01:43:15.427	208308792155308033	1088276745901330504	1.032618389478021	-1.032618389478017
2023-03-23 01:43:16.277	208308792155308033	1088276749466476647	1.020804128050113	-1.020804128050117
2023-03-23 01:43:17.044	208308792155308033	1088276752683499530	1.009253567112875	-1.009253567112877
2023-03-23 01:43:17.796	208308792155308033	1088276755837632522	0.9979580554182661	-0.9979580554182647
2023-03-23 01:43:18.721	208308792155308033	1088276759717367828	0.986909313388999	-0.986909313388996
2023-03-23 01:43:19.578	208308792155308033	1088276763311886346	0.9760994134877876	-0.9760994134877886
2023-03-23 01:43:20.496	208308792155308033	1088276767162236978	0.9655207618115291	-0.9655207618115328
2023-03-23 01:43:22.148	208308792155308033	1088276774091247726	0.95516608082254	-0.9551660808225405
2023-03-23 01:43:23.051	208308792155308033	1088276777878683699	0.9450283931360985	-0.9450283931360955
2023-03-23 01:43:23.612	208308792155308033	1088276780231708742	0.9351010062900222	-0.9351010062900212
2023-03-23 01:43:24.441	208308792155308033	1088276783708782683	0.9253774984279168	-0.9253774984279156
2023-03-23 01:43:26.278	208308792155308033	1088276791413715016	0.9158517048329102	-0.9158517048329142
2023-03-23 01:43:26.988	208308792155308033	1088276794391666788	0.9065177052539468	-0.9065177052539453
2023-03-23 01:43:27.876	208308792155308033	1088276798116212756	0.897369811970794	-0.8973698119707952
2023-03-23 01:43:28.689	208308792155308033	1088276801526186037	0.8884025585483926	-0.8884025585483943
2023-03-23 01:43:29.546	208308792155308033	1088276805120696370	0.8796106892345783	-0.8796106892345791
2023-03-23 01:43:30.346	208308792155308033	1088276808476139550	0.8709891489588983	-0.8709891489588975
2023-03-23 01:43:31.158	208308792155308033	1088276811881926676	0.8625330738932782	-0.8625330738932762
2023-03-23 01:43:31.99	208308792155308033	1088276815371587704	0.8542377825381706	-0.8542377825381706
2023-03-23 01:43:32.847	208308792155308033	1088276818966102097	0.8460987673005604	-0.8460987673005577
2023-03-23 01:43:33.768	208308792155308033	1088276822829056020	0.8381116865324785	-0.8381116865324766
2023-03-23 01:43:36.317	208308792155308033	1088276833520320512	0.830272357001153	-0.8302723570011526
2023-03-23 01:43:39.081	208308792155308033	1088276845113397278	0.8225767467637191	-0.8225767467637182
2023-03-23 16:55:40.832	256212924723363844	1088506364772491335	11.35404985189576	-11.35404985189576
2023-03-23 16:55:40.832	142470336544243712	1088506364772491335	2.903685590817652	-2.903685590817651
2023-03-23 16:55:57.349	244621150112448512	1088506434049818656	3.821224697301687	-3.821224697301689
2023-03-23 16:55:57.349	365555434775511052	1088506434049818656	2.807693782950299	-2.807693782950296
2023-03-23 16:55:57.349	142470336544243712	1088506434049818656	2.720132110260003	-2.720132110260005
2023-03-23 16:55:57.349	256212924723363844	1088506434049818656	9.926324782524368	-9.926324782524368
2023-03-23 20:03:19.208	718685740053037058	1088553585823993947	1.542731095339541	-1.542731095339542
2023-03-23 20:03:20.108	718685740053037058	1088553589598863521	1.516859406985688	-1.516859406985688
2023-03-23 20:03:20.788	718685740053037058	1088553592450994267	1.491823923231504	-1.491823923231505
2023-03-23 20:03:21.572	718685740053037058	1088553595739316305	1.467585309383807	-1.467585309383805
2023-03-23 23:32:25.56	718685740053037058	1088606209038356541	1.444106632732744	-1.44410663273274
2023-03-23 23:32:29.947	718685740053037058	1088606227438776331	1.421353183659505	-1.421353183659508
2023-03-23 23:32:32.498	718685740053037058	1088606238138454136	1.399292312366221	-1.399292312366222
2023-03-25 22:20:48.917	256212924723363844	1089312963342643210	8.77912759685637	-8.77912759685637
2023-03-25 22:21:02.072	256212924723363844	1089313018518720523	8.150111414149876	-8.150111414149878
2023-03-25 22:21:07.819	256212924723363844	1089313042623373503	7.593368523503976	-7.593368523503976
2023-03-25 22:41:45.014	256212924723363844	1089318231795314718	7.098738021006241	-7.098738021006244
2023-03-25 22:41:45.014	240645351705542658	1089318231795314718	16	-16
2023-03-25 23:13:28.76	718685740053037058	1089326216684785694	7.713503527438142	-7.71350352743814
2023-03-30 00:51:13.168	194223346731188224	1090800365257101382	20.63204816003154	-20.63204816003154
2023-03-30 00:51:13.168	718685740053037058	1090800365257101382	10.20729127132352	-10.20729127132352
2023-03-31 22:58:15.458	256212924723363844	1091496713212145695	6.657553191005583	-6.657553191005583
2023-03-31 22:58:15.458	244621150112448512	1091496713212145695	2.636011945637993	-2.636011945637992
2023-03-31 22:58:15.458	365555434775511052	1091496713212145695	2.288020944495099	-2.288020944495098
2023-03-31 22:58:15.458	718685740053037058	1091496713212145695	0.9817227903887265	-0.9817227903887276
2023-03-31 22:58:21.556	365555434775511052	1091496738789015732	2.220978845459502	-2.220978845459503
2023-03-31 22:58:21.556	256212924723363844	1091496738789015732	6.030181832044406	-6.030181832044404
2023-03-31 22:58:21.556	718685740053037058	1091496738789015732	0.9272863510590668	-0.9272863510590623
2023-03-31 22:58:21.556	244621150112448512	1091496738789015732	2.399551575474	-2.399551575474002
2023-03-31 22:58:28.369	244621150112448512	1091496767364804738	2.338948122073337	-2.33894812207334
2023-03-31 22:58:28.369	718685740053037058	1091496767364804738	0.8937172067148857	-0.8937172067148865
2023-03-31 22:58:28.369	256212924723363844	1091496767364804738	5.523058545768002	-5.523058545768002
2023-03-31 22:58:28.369	365555434775511052	1091496767364804738	1.967176867886682	-1.967176867886685
2023-04-03 19:28:00.403	239876252331278347	1092530965433294849	4.024294225197711	-4.024294225197707
2023-04-04 03:58:05.443	718685740053037058	1092659332274987065	0.8295455306305897	-0.829545530630589
2023-04-04 03:58:06.042	718685740053037058	1092659334787379311	0.8218631801657033	-0.8218631801657041
2023-04-04 03:58:11.979	718685740053037058	1092659359688949760	0.8143203046659231	-0.8143203046659261
2023-04-04 03:58:13.296	718685740053037058	1092659365212864532	0.8069131675121142	-0.8069131675121142
2023-04-04 03:58:18.77	718685740053037058	1092659388172476416	0.7996381636343557	-0.7996381636343526
2023-04-05 01:49:24.547	240645351705542658	1092989336355622922	27.01037628814692	-27.01037628814692
2023-04-05 01:49:24.547	718685740053037058	1092989336355622922	3.369056195903649	-3.369056195903648
2023-04-05 01:49:24.547	365555434775511052	1092989336355622922	6.956354873396823	-6.956354873396824
2023-04-05 01:49:40.147	365555434775511052	1092989401786757200	6.530217541941798	-6.530217541941799
2023-04-05 01:49:40.147	718685740053037058	1092989401786757200	3.033897737578794	-3.033897737578796
2023-04-05 01:49:40.147	240645351705542658	1092989401786757200	24.94754058544616	-24.94754058544616
2023-04-05 01:53:38.745	256212924723363844	1092990402539303023	8.756815364001191	-8.756815364001191
2023-04-05 01:53:38.745	365555434775511052	1092990402539303023	2.163719382616918	-2.163719382616919
2023-04-05 01:53:38.745	718685740053037058	1092990402539303023	0.9620868436670484	-0.9620868436670438
2023-04-05 21:04:57.196	718685740053037058	1093280138562633830	7.842762773365781	-7.842762773365778
2023-04-05 21:04:57.196	244621150112448512	1093280138562633830	15.06951361065256	-15.06951361065256
2023-04-06 04:19:54.323	208308792155308033	1093389597846798436	0.8150209684215071	-0.8150209684215058
2023-04-06 04:19:56.282	208308792155308033	1093389606063439973	0.8076012727306221	-0.807601272730625
2023-04-06 04:20:05.21	208308792155308033	1093389643510194176	0.8003140425471145	-0.8003140425471162
2023-04-06 04:20:06.63	208308792155308033	1093389649466110033	0.7931557870865014	-0.7931557870865035
2023-04-06 04:20:07.91	208308792155308033	1093389654834810880	0.7861231364789454	-0.7861231364789455
2023-04-06 04:20:08.967	208308792155308033	1093389659268186203	0.7792128366024009	-0.7792128366024007
2023-04-06 04:20:10.185	208308792155308033	1093389664376860704	0.7724217441774996	-0.7724217441774995
2023-04-06 04:20:11.46	208308792155308033	1093389669724590190	0.7657468221087704	-0.7657468221087715
2023-04-06 04:17:20.535	718685740053037058	1093388952813191238	0.9109853206665477	-0.9109853206665447
2023-04-06 04:17:21.515	718685740053037058	1093388956923605012	0.9017485753241274	-0.9017485753241272
2023-04-06 16:54:23.178	360033736739258370	1093579469186404402	31.24081486494197	-31.24081486494197
2023-04-06 16:54:23.178	208308792155308033	1093579469186404402	16	-16
2023-04-06 16:55:27.164	208308792155308033	1093579737563148309	16	-16
2023-04-06 16:55:34.211	208308792155308033	1093579767120400394	16	-16
2023-04-06 16:55:43.136	208308792155308033	1093579804554576054	16	-16
2023-04-06 16:55:47.767	208308792155308033	1093579823978385479	16	-16
2023-04-06 16:56:03.281	208308792155308033	1093579889048813670	16	-16
2023-04-06 16:56:03.688	208308792155308033	1093579890755895336	16	-16
2023-04-06 16:56:04.146	208308792155308033	1093579892676907090	16	-16
2023-04-06 16:56:05.199	208308792155308033	1093579897093496862	16	-16
2023-04-06 16:56:04.713	208308792155308033	1093579895055065119	16	-16
2023-04-06 16:56:05.488	208308792155308033	1093579898305650822	16	-16
2023-04-06 19:40:22.57	208308792155308033	1093621241904124046	0.2143441168204951	-0.2143441168204903
2023-04-06 19:40:22.57	256212924723363844	1093621241904124046	7.95181926406714	-7.951819264067137
2023-04-06 21:04:13.895	285259653707726848	1093642344810696727	16	-16
2023-04-06 21:32:38.059	244621150112448512	1093649492592562329	13.6966221919945	-13.6966221919945
2023-04-06 21:32:38.059	718685740053037058	1093649492592562329	6.374347776339576	-6.374347776339576
2023-04-06 21:04:13.895	718685740053037058	1093642344810696727	2.858358936071859	-2.858358936071856
2023-04-06 21:04:13.895	256212924723363844	1093642344810696727	16.7839557869746	-16.78395578697461
\.


--
-- Data for Name: _prisma_migrations; Type: TABLE DATA; Schema: public; Owner: -
--

COPY public._prisma_migrations (id, checksum, finished_at, migration_name, logs, rolled_back_at, started_at, applied_steps_count) FROM stdin;
f4019d5f-c4de-4f80-b048-42ddb891bfd2	ca94e65d1fa89aa0455cebb2a57b70d26c4d32c3e455a69c05dc0aa2dd9fe7f1	2023-04-06 03:43:18.03285+00	20230217011807_init	\N	\N	2023-04-06 03:43:18.009593+00	1
41286a5a-db45-47dc-b78e-c20fd5399c04	7f31e3f1525070965adc1cdf0cf04845e8559d628de3652e46e5bbcb3061dfcd	2023-04-06 03:43:18.03851+00	20230406023928_update_scores	\N	\N	2023-04-06 03:43:18.034032+00	1
\.


--
-- PostgreSQL database dump complete
--

