--
-- PostgreSQL database dump
--

-- Dumped from database version 15.1 (Debian 15.1-1.pgdg110+1)
-- Dumped by pg_dump version 15.2 (Debian 15.2-1.pgdg110+1)

SET statement_timeout = 0;
SET lock_timeout = 0;
SET idle_in_transaction_session_timeout = 0;
SET client_encoding = 'UTF8';
SET standard_conforming_strings = on;
SELECT pg_catalog.set_config('search_path', '', false);
SET check_function_bodies = false;
SET xmloption = content;
SET client_min_messages = warning;
SET row_security = off;

--
-- Data for Name: User; Type: TABLE DATA; Schema: public; Owner: -
--

COPY public."User" (id, "openedHelp") FROM stdin;
240645351705542658	f
208308792155308033	f
360033736739258370	f
256212924723363844	f
239876252331278347	f
718685740053037058	f
318530865648893953	f
447919795271237632	f
285259653707726848	f
538590376324366336	f
365555434775511052	f
142470336544243712	f
1045252705330933800	f
244621150112448512	f
821907257176227850	f
194223346731188224	f
\.


--
-- Data for Name: Message; Type: TABLE DATA; Schema: public; Owner: -
--

COPY public."Message" (id, "channelId", "guildId", "authorId", "reactionCounter", "createdAt") FROM stdin;
1075968879362330664	1013306449130160159	803749877702983760	208308792155308033	0	2023-02-17 02:36:11.375
1075968882755522612	1013306449130160159	803749877702983760	208308792155308033	1	2023-02-17 02:36:12.184
1075968875453235332	1013306449130160159	803749877702983760	208308792155308033	1	2023-02-17 02:36:10.443
1075968871208587294	1013306449130160159	803749877702983760	208308792155308033	1	2023-02-17 02:36:09.431
1075968861939187813	1013306449130160159	803749877702983760	208308792155308033	1	2023-02-17 02:36:07.221
1075968867811205140	1013306449130160159	803749877702983760	208308792155308033	1	2023-02-17 02:36:08.621
1075968855450603520	1013306449130160159	803749877702983760	208308792155308033	1	2023-02-17 02:36:05.674
1075968849293344768	1013306449130160159	803749877702983760	208308792155308033	1	2023-02-17 02:36:04.206
1075968852619427931	1013306449130160159	803749877702983760	208308792155308033	1	2023-02-17 02:36:04.999
1075968846281846925	1013306449130160159	803749877702983760	208308792155308033	1	2023-02-17 02:36:03.488
1075968842431463525	1013306449130160159	803749877702983760	208308792155308033	1	2023-02-17 02:36:02.57
1075968839138938941	1013306449130160159	803749877702983760	208308792155308033	1	2023-02-17 02:36:01.785
1075968730493890591	1013306449130160159	803749877702983760	208308792155308033	1	2023-02-17 02:35:35.882
1075969265485762661	1013306449130160159	803749877702983760	208308792155308033	0	2023-02-17 02:37:43.434
1075969288147566602	1013306449130160159	803749877702983760	208308792155308033	0	2023-02-17 02:37:48.837
1075969291922456666	1013306449130160159	803749877702983760	208308792155308033	0	2023-02-17 02:37:49.737
1075969299291852820	1013306449130160159	803749877702983760	208308792155308033	0	2023-02-17 02:37:51.494
1075969295256911892	1013306449130160159	803749877702983760	208308792155308033	0	2023-02-17 02:37:50.532
1075969303444213800	1013306449130160159	803749877702983760	208308792155308033	0	2023-02-17 02:37:52.484
1075969307089043586	1013306449130160159	803749877702983760	208308792155308033	0	2023-02-17 02:37:53.353
1075969313615396934	1013306449130160159	803749877702983760	208308792155308033	0	2023-02-17 02:37:54.909
1075969310385774714	1013306449130160159	803749877702983760	208308792155308033	0	2023-02-17 02:37:54.139
1075969320984776715	1013306449130160159	803749877702983760	208308792155308033	0	2023-02-17 02:37:56.666
1075969317331550208	1013306449130160159	803749877702983760	208308792155308033	0	2023-02-17 02:37:55.795
1075969327695671326	1013306449130160159	803749877702983760	208308792155308033	0	2023-02-17 02:37:58.266
1075969324222779432	1013306449130160159	803749877702983760	208308792155308033	0	2023-02-17 02:37:57.438
1076002274263965716	606343351435919371	445432481873657858	239876252331278347	1	2023-02-17 04:48:53.34
1076004574529323140	772710190553628685	772710190553628682	256212924723363844	1	2023-02-17 04:58:01.766
1076004819682209792	772710190553628685	772710190553628682	240645351705542658	0	2023-02-17 04:59:00.215
1077055231747182642	1042881320646344758	445432481873657858	240645351705542658	2	2023-02-20 02:32:57.967
1081995752450052306	1042881320646344758	445432481873657858	240645351705542658	-1	2023-03-05 17:44:49.893
1077717788992475176	606367475491143690	445432481873657858	718685740053037058	2	2023-02-21 22:25:43.924
1077759208910503957	606343351435919371	445432481873657858	718685740053037058	0	2023-02-22 01:10:19.202
1076989502209404939	606367475491143690	445432481873657858	240645351705542658	2	2023-02-19 22:11:46.824
1076989583604076645	606367475491143690	445432481873657858	240645351705542658	2	2023-02-19 22:12:06.23
1076989636242591786	606367475491143690	445432481873657858	240645351705542658	2	2023-02-19 22:12:18.78
1076989660238200935	606367475491143690	445432481873657858	240645351705542658	2	2023-02-19 22:12:24.501
1076989672170995742	606367475491143690	445432481873657858	240645351705542658	2	2023-02-19 22:12:27.346
1078002311546278008	606367475491143690	445432481873657858	240645351705542658	0	2023-02-22 17:16:19.387
1079799455362072586	606367475491143690	445432481873657858	239876252331278347	4	2023-02-27 16:17:31.862
1078156280151150603	606367475491143690	445432481873657858	285259653707726848	3	2023-02-23 03:28:08.363
1078210592147509298	772710190553628685	772710190553628682	240645351705542658	0	2023-02-23 07:03:57.352
1078480989124305046	606367475491143690	445432481873657858	318530865648893953	-1	2023-02-24 00:58:25.015
1079099864333430855	606367475491143690	445432481873657858	240645351705542658	0	2023-02-25 17:57:36.363
1079190168981999726	606367475491143690	445432481873657858	718685740053037058	2	2023-02-25 23:56:26.669
1079297615541325876	1042881320646344758	445432481873657858	240645351705542658	1	2023-02-26 07:03:23.925
1079581209098735616	606343351435919371	445432481873657858	256212924723363844	1	2023-02-27 01:50:17.898
1082073001601810462	831808522030809108	445432481873657858	240645351705542658	4	2023-03-05 22:51:47.526
1079823274533462109	606367475491143690	445432481873657858	239876252331278347	2	2023-02-27 17:52:10.795
1080725686576234538	606367475491143690	445432481873657858	240645351705542658	0	2023-03-02 05:38:02.592
1080935015568912414	606367475491143690	445432481873657858	240645351705542658	2	2023-03-02 19:29:50.513
1081735050783105034	828484348558835732	445432481873657858	240645351705542658	0	2023-03-05 00:28:53.772
1082110664073547896	606367475491143690	445432481873657858	1045252705330933800	4	2023-03-06 01:21:26.959
1082064120309883051	606367475491143690	445432481873657858	240645351705542658	3	2023-03-05 22:16:30.061
1082802791707312219	606367475491143690	445432481873657858	318530865648893953	2	2023-03-07 23:11:43.046
1082078798306082898	831808522030809108	445432481873657858	318530865648893953	2	2023-03-05 23:14:49.568
1082765675388481697	606367475491143690	445432481873657858	240645351705542658	3	2023-03-07 20:44:13.826
1084125425481023540	606367475491143690	445432481873657858	256212924723363844	4	2023-03-11 14:47:23.511
1084246430044139612	606367475491143690	445432481873657858	1045252705330933800	3	2023-03-11 22:48:13.247
1084710415059144754	606367475491143690	445432481873657858	240645351705542658	1	2023-03-13 05:31:55.895
1085418194262573088	606367475491143690	445432481873657858	240645351705542658	1	2023-03-15 04:24:23.607
1085539545115795456	606367475491143690	445432481873657858	821907257176227850	1	2023-03-15 12:26:35.905
1085596923706224690	606367475491143690	445432481873657858	240645351705542658	0	2023-03-15 16:14:36.027
1085615848854655036	606367475491143690	445432481873657858	240645351705542658	1	2023-03-15 17:29:48.134
1085630855868841984	606367475491143690	445432481873657858	240645351705542658	0	2023-03-15 18:29:26.085
1085985727592005653	606367475491143690	445432481873657858	256212924723363844	1	2023-03-16 17:59:34.097
1087094553531646172	606367475491143690	445432481873657858	256212924723363844	0	2023-03-19 19:25:38.802
1087117622128165054	828484348558835732	445432481873657858	256212924723363844	0	2023-03-19 20:57:18.784
1087117625789780028	828484348558835732	445432481873657858	256212924723363844	0	2023-03-19 20:57:19.657
1087117631376593017	828484348558835732	445432481873657858	256212924723363844	0	2023-03-19 20:57:20.989
1087117634811740160	828484348558835732	445432481873657858	256212924723363844	0	2023-03-19 20:57:21.808
1087117637852614758	828484348558835732	445432481873657858	256212924723363844	0	2023-03-19 20:57:22.533
1087117641010921472	828484348558835732	445432481873657858	256212924723363844	0	2023-03-19 20:57:23.286
1087117646014722078	828484348558835732	445432481873657858	256212924723363844	0	2023-03-19 20:57:24.479
1087117650062213210	828484348558835732	445432481873657858	256212924723363844	0	2023-03-19 20:57:25.444
1087117653098909746	828484348558835732	445432481873657858	256212924723363844	0	2023-03-19 20:57:26.168
1087117666709426278	828484348558835732	445432481873657858	256212924723363844	0	2023-03-19 20:57:29.413
1087122232175771698	1013306449130160159	803749877702983760	208308792155308033	0	2023-03-19 21:15:37.905
1087118589498232853	606343351435919371	445432481873657858	256212924723363844	0	2023-03-19 21:01:09.423
1087119684714897478	606367475491143690	445432481873657858	256212924723363844	-1	2023-03-19 21:05:30.543
1087118779185627257	606343351435919371	445432481873657858	256212924723363844	4	2023-03-19 21:01:54.648
1087118265010094202	606343351435919371	445432481873657858	256212924723363844	2	2023-03-19 20:59:52.059
1087118410330144930	828484348558835732	445432481873657858	256212924723363844	0	2023-03-19 21:00:26.706
1087118406177796170	828484348558835732	445432481873657858	256212924723363844	0	2023-03-19 21:00:25.716
1087118401727643781	828484348558835732	445432481873657858	256212924723363844	0	2023-03-19 21:00:24.655
1087121823994495067	1013306449130160159	803749877702983760	208308792155308033	0	2023-03-19 21:14:00.587
1087121825496043680	1013306449130160159	803749877702983760	208308792155308033	0	2023-03-19 21:14:00.945
1087121826871791636	1013306449130160159	803749877702983760	208308792155308033	0	2023-03-19 21:14:01.273
1087121828037795840	1013306449130160159	803749877702983760	208308792155308033	0	2023-03-19 21:14:01.551
1087121829015076864	1013306449130160159	803749877702983760	208308792155308033	0	2023-03-19 21:14:01.784
1087121830004932678	1013306449130160159	803749877702983760	208308792155308033	0	2023-03-19 21:14:02.02
1087121832177573908	1013306449130160159	803749877702983760	208308792155308033	0	2023-03-19 21:14:02.538
1087121831049306203	1013306449130160159	803749877702983760	208308792155308033	0	2023-03-19 21:14:02.269
1087121833523945514	1013306449130160159	803749877702983760	208308792155308033	0	2023-03-19 21:14:02.859
1087121835629486160	1013306449130160159	803749877702983760	208308792155308033	0	2023-03-19 21:14:03.361
1087121834601877505	1013306449130160159	803749877702983760	208308792155308033	0	2023-03-19 21:14:03.116
1087121837839892612	1013306449130160159	803749877702983760	208308792155308033	0	2023-03-19 21:14:03.888
1087121836799701062	1013306449130160159	803749877702983760	208308792155308033	0	2023-03-19 21:14:03.64
1087122083072450620	1013306449130160159	803749877702983760	208308792155308033	0	2023-03-19 21:15:02.356
1087122081696718989	1013306449130160159	803749877702983760	208308792155308033	0	2023-03-19 21:15:02.028
1087122084414640229	1013306449130160159	803749877702983760	208308792155308033	0	2023-03-19 21:15:02.676
1087122086960566373	1013306449130160159	803749877702983760	208308792155308033	0	2023-03-19 21:15:03.283
1087122085630980106	1013306449130160159	803749877702983760	208308792155308033	0	2023-03-19 21:15:02.966
1087122088411807964	1013306449130160159	803749877702983760	208308792155308033	0	2023-03-19 21:15:03.629
1087122089372291072	1013306449130160159	803749877702983760	208308792155308033	0	2023-03-19 21:15:03.858
1087122090542514308	1013306449130160159	803749877702983760	208308792155308033	0	2023-03-19 21:15:04.137
1087122091561725993	1013306449130160159	803749877702983760	208308792155308033	0	2023-03-19 21:15:04.38
1087122219064373268	1013306449130160159	803749877702983760	208308792155308033	0	2023-03-19 21:15:34.779
1087122220284919939	1013306449130160159	803749877702983760	208308792155308033	0	2023-03-19 21:15:35.07
1087122222310752397	1013306449130160159	803749877702983760	208308792155308033	0	2023-03-19 21:15:35.553
1087122221274759259	1013306449130160159	803749877702983760	208308792155308033	0	2023-03-19 21:15:35.306
1087122224076562435	1013306449130160159	803749877702983760	208308792155308033	0	2023-03-19 21:15:35.974
1087122225246765166	1013306449130160159	803749877702983760	208308792155308033	0	2023-03-19 21:15:36.253
1087122227062907023	1013306449130160159	803749877702983760	208308792155308033	0	2023-03-19 21:15:36.686
1087122225997545504	1013306449130160159	803749877702983760	208308792155308033	0	2023-03-19 21:15:36.432
1087122229982142484	1013306449130160159	803749877702983760	208308792155308033	0	2023-03-19 21:15:37.382
1087122231051698277	1013306449130160159	803749877702983760	208308792155308033	0	2023-03-19 21:15:37.637
1087133188687679649	606343351435919371	445432481873657858	256212924723363844	-1	2023-03-19 21:59:10.141
1087133166243958814	606343351435919371	445432481873657858	256212924723363844	-1	2023-03-19 21:59:04.79
1087132862857347112	606343351435919371	445432481873657858	256212924723363844	-1	2023-03-19 21:57:52.457
1087132663246229514	606343351435919371	445432481873657858	256212924723363844	-1	2023-03-19 21:57:04.866
1087132661308477611	606343351435919371	445432481873657858	256212924723363844	-1	2023-03-19 21:57:04.404
1087130599887732816	606343351435919371	445432481873657858	240645351705542658	0	2023-03-19 21:48:52.923
1087130102938222653	606343351435919371	445432481873657858	240645351705542658	0	2023-03-19 21:46:54.441
1087123456350494970	606343351435919371	445432481873657858	240645351705542658	0	2023-03-19 21:20:29.771
1087123460980998154	606343351435919371	445432481873657858	240645351705542658	0	2023-03-19 21:20:30.875
1087122261850464416	606343351435919371	445432481873657858	240645351705542658	0	2023-03-19 21:15:44.98
1087122251079495841	606343351435919371	445432481873657858	240645351705542658	0	2023-03-19 21:15:42.412
1087122200315834378	606343351435919371	445432481873657858	240645351705542658	0	2023-03-19 21:15:30.309
1087122176181813448	606343351435919371	445432481873657858	240645351705542658	0	2023-03-19 21:15:24.555
1087122067478028369	606343351435919371	445432481873657858	240645351705542658	0	2023-03-19 21:14:58.638
1087122063854157928	606343351435919371	445432481873657858	240645351705542658	0	2023-03-19 21:14:57.774
1087122033063759903	606343351435919371	445432481873657858	240645351705542658	0	2023-03-19 21:14:50.433
1087122003875602462	606343351435919371	445432481873657858	240645351705542658	0	2023-03-19 21:14:43.474
1087376732266430505	606343351435919371	445432481873657858	285259653707726848	-1	2023-03-20 14:06:55.455
1088265922160115733	606343351435919371	445432481873657858	718685740053037058	-1	2023-03-23 01:00:14.846
1087499636694065202	606367475491143690	445432481873657858	285259653707726848	2	2023-03-20 22:15:18.154
1088248253184753766	606367475491143690	445432481873657858	256212924723363844	-1	2023-03-22 23:50:02.234
1088268538747310111	1013306449130160159	803749877702983760	360033736739258370	0	2023-03-23 01:10:38.689
1088266670683992135	606343351435919371	445432481873657858	240645351705542658	0	2023-03-23 01:03:13.308
1088268126187163750	1013306449130160159	803749877702983760	360033736739258370	0	2023-03-23 01:09:00.327
1088268130394066995	1013306449130160159	803749877702983760	360033736739258370	0	2023-03-23 01:09:01.33
1088268138908487701	1013306449130160159	803749877702983760	360033736739258370	0	2023-03-23 01:09:03.36
1087500117759766608	606367475491143690	445432481873657858	285259653707726848	4	2023-03-20 22:17:12.849
1087500501257572383	606367475491143690	445432481873657858	240645351705542658	3	2023-03-20 22:18:44.282
1088268145791352953	1013306449130160159	803749877702983760	360033736739258370	0	2023-03-23 01:09:05.001
1088268149239058492	1013306449130160159	803749877702983760	360033736739258370	0	2023-03-23 01:09:05.823
1088268157921284106	1013306449130160159	803749877702983760	360033736739258370	0	2023-03-23 01:09:07.893
1087501164133748816	606367475491143690	445432481873657858	240645351705542658	2	2023-03-20 22:21:22.324
1087501548222951484	606367475491143690	445432481873657858	240645351705542658	0	2023-03-20 22:22:53.898
1087500809484374096	1087500537206935743	445432481873657858	240645351705542658	2	2023-03-20 22:19:57.769
1087500842212532365	1087500537206935743	445432481873657858	240645351705542658	2	2023-03-20 22:20:05.572
1087760662974959616	828484348558835732	445432481873657858	256212924723363844	0	2023-03-21 15:32:31.669
1087760659422380072	828484348558835732	445432481873657858	256212924723363844	0	2023-03-21 15:32:30.822
1087760654137561088	828484348558835732	445432481873657858	256212924723363844	0	2023-03-21 15:32:29.562
1087760649922293791	828484348558835732	445432481873657858	256212924723363844	0	2023-03-21 15:32:28.557
1087760648001290321	828484348558835732	445432481873657858	256212924723363844	0	2023-03-21 15:32:28.099
1087760646659121292	828484348558835732	445432481873657858	256212924723363844	0	2023-03-21 15:32:27.779
1087760633887465542	828484348558835732	445432481873657858	256212924723363844	0	2023-03-21 15:32:24.734
1087760637574266900	828484348558835732	445432481873657858	256212924723363844	0	2023-03-21 15:32:25.613
1087760668918288525	828484348558835732	445432481873657858	256212924723363844	0	2023-03-21 15:32:33.086
1088245826586935416	828484348558835732	445432481873657858	240645351705542658	0	2023-03-22 23:40:23.688
1088245822925316177	828484348558835732	445432481873657858	240645351705542658	0	2023-03-22 23:40:22.815
1088245820417134612	828484348558835732	445432481873657858	240645351705542658	0	2023-03-22 23:40:22.217
1088245817518866452	828484348558835732	445432481873657858	240645351705542658	0	2023-03-22 23:40:21.526
1088262380691136532	828484348558835732	445432481873657858	240645351705542658	0	2023-03-23 00:46:10.494
1088268167308136468	1013306449130160159	803749877702983760	360033736739258370	0	2023-03-23 01:09:10.131
1088262780668346378	828484348558835732	445432481873657858	240645351705542658	0	2023-03-23 00:47:45.856
1088262842731462707	828484348558835732	445432481873657858	240645351705542658	0	2023-03-23 00:48:00.653
1088262898717040780	828484348558835732	445432481873657858	240645351705542658	0	2023-03-23 00:48:14.001
1088263028803379332	828484348558835732	445432481873657858	718685740053037058	0	2023-03-23 00:48:45.016
1088263053029679114	606343351435919371	445432481873657858	240645351705542658	1	2023-03-23 00:48:50.792
1088263059547627581	606343351435919371	445432481873657858	240645351705542658	1	2023-03-23 00:48:52.346
1088265973179625532	606343351435919371	445432481873657858	718685740053037058	0	2023-03-23 01:00:27.01
1088268162782466088	1013306449130160159	803749877702983760	360033736739258370	0	2023-03-23 01:09:09.052
1088268171410149397	1013306449130160159	803749877702983760	360033736739258370	0	2023-03-23 01:09:11.109
1088268500985974915	1013306449130160159	803749877702983760	360033736739258370	0	2023-03-23 01:10:29.686
1088268505599725679	1013306449130160159	803749877702983760	360033736739258370	0	2023-03-23 01:10:30.786
1088268509265543219	1013306449130160159	803749877702983760	360033736739258370	0	2023-03-23 01:10:31.66
1088268514630041691	1013306449130160159	803749877702983760	360033736739258370	0	2023-03-23 01:10:32.939
1088268518438490152	1013306449130160159	803749877702983760	360033736739258370	0	2023-03-23 01:10:33.847
1088268522330791976	1013306449130160159	803749877702983760	360033736739258370	0	2023-03-23 01:10:34.775
1088268525682049094	1013306449130160159	803749877702983760	360033736739258370	0	2023-03-23 01:10:35.574
1088268542178246696	1013306449130160159	803749877702983760	360033736739258370	0	2023-03-23 01:10:39.507
1088268545810518077	1013306449130160159	803749877702983760	360033736739258370	0	2023-03-23 01:10:40.373
1088268549388242955	1013306449130160159	803749877702983760	360033736739258370	0	2023-03-23 01:10:41.226
1088268555696492594	1013306449130160159	803749877702983760	360033736739258370	0	2023-03-23 01:10:42.73
1088268558926098502	1013306449130160159	803749877702983760	360033736739258370	0	2023-03-23 01:10:43.5
1088268576294703220	1013306449130160159	803749877702983760	360033736739258370	0	2023-03-23 01:10:47.641
1088268566375174194	1013306449130160159	803749877702983760	360033736739258370	0	2023-03-23 01:10:45.276
1088268585090162688	1013306449130160159	803749877702983760	360033736739258370	0	2023-03-23 01:10:49.738
1088268581319483473	1013306449130160159	803749877702983760	360033736739258370	0	2023-03-23 01:10:48.839
1088268588927946782	1013306449130160159	803749877702983760	360033736739258370	0	2023-03-23 01:10:50.653
1088268592866398218	1013306449130160159	803749877702983760	360033736739258370	0	2023-03-23 01:10:51.592
1088268609542946827	1013306449130160159	803749877702983760	360033736739258370	0	2023-03-23 01:10:55.568
1088268600344858816	1013306449130160159	803749877702983760	360033736739258370	0	2023-03-23 01:10:53.375
1088268616262238318	1013306449130160159	803749877702983760	360033736739258370	0	2023-03-23 01:10:57.17
1088262750754574486	831808522030809108	445432481873657858	240645351705542658	3	2023-03-23 00:47:38.724
1088275570799951872	1013306449130160159	803749877702983760	360033736739258370	0	2023-03-23 01:38:35.261
1088275573677240360	1013306449130160159	803749877702983760	360033736739258370	0	2023-03-23 01:38:35.947
1088275580232929333	1013306449130160159	803749877702983760	360033736739258370	0	2023-03-23 01:38:37.51
1088275588311162960	1013306449130160159	803749877702983760	360033736739258370	0	2023-03-23 01:38:39.436
1088275596641042473	1013306449130160159	803749877702983760	360033736739258370	0	2023-03-23 01:38:41.422
1088275592442548225	1013306449130160159	803749877702983760	360033736739258370	0	2023-03-23 01:38:40.421
1088275599480598539	1013306449130160159	803749877702983760	360033736739258370	0	2023-03-23 01:38:42.099
1088275606925484184	1013306449130160159	803749877702983760	360033736739258370	0	2023-03-23 01:38:43.874
1088275603473563678	1013306449130160159	803749877702983760	360033736739258370	0	2023-03-23 01:38:43.051
1088275610238992434	1013306449130160159	803749877702983760	360033736739258370	0	2023-03-23 01:38:44.664
1088275617226686574	1013306449130160159	803749877702983760	360033736739258370	0	2023-03-23 01:38:46.33
1088275614101934121	1013306449130160159	803749877702983760	360033736739258370	0	2023-03-23 01:38:45.585
1088275620791865364	1013306449130160159	803749877702983760	360033736739258370	0	2023-03-23 01:38:47.18
1088275624247971921	1013306449130160159	803749877702983760	360033736739258370	0	2023-03-23 01:38:48.004
1088275631831257161	1013306449130160159	803749877702983760	360033736739258370	0	2023-03-23 01:38:49.812
1088275639422963753	1013306449130160159	803749877702983760	360033736739258370	0	2023-03-23 01:38:51.622
1088275635618730016	1013306449130160159	803749877702983760	360033736739258370	0	2023-03-23 01:38:50.715
1088275628433870859	1013306449130160159	803749877702983760	360033736739258370	0	2023-03-23 01:38:49.002
1088275643118145576	1013306449130160159	803749877702983760	360033736739258370	0	2023-03-23 01:38:52.503
1088275645940899850	1013306449130160159	803749877702983760	360033736739258370	0	2023-03-23 01:38:53.176
1088275649279565854	1013306449130160159	803749877702983760	360033736739258370	0	2023-03-23 01:38:53.972
1088275657634623549	1013306449130160159	803749877702983760	360033736739258370	0	2023-03-23 01:38:55.964
1088275654073663571	1013306449130160159	803749877702983760	360033736739258370	0	2023-03-23 01:38:55.115
1088275664559423498	1013306449130160159	803749877702983760	360033736739258370	0	2023-03-23 01:38:57.615
1088275661258506292	1013306449130160159	803749877702983760	360033736739258370	0	2023-03-23 01:38:56.828
1088275668246216775	1013306449130160159	803749877702983760	360033736739258370	0	2023-03-23 01:38:58.494
1088275671232561202	1013306449130160159	803749877702983760	360033736739258370	0	2023-03-23 01:38:59.206
1088276162746269807	1013306449130160159	803749877702983760	360033736739258370	0	2023-03-23 01:40:56.392
1088276170128244797	1013306449130160159	803749877702983760	360033736739258370	0	2023-03-23 01:40:58.152
1088276174519685220	1013306449130160159	803749877702983760	360033736739258370	0	2023-03-23 01:40:59.199
1088276182216220802	1013306449130160159	803749877702983760	360033736739258370	0	2023-03-23 01:41:01.034
1088276178453925898	1013306449130160159	803749877702983760	360033736739258370	0	2023-03-23 01:41:00.137
1088276185999491124	1013306449130160159	803749877702983760	360033736739258370	0	2023-03-23 01:41:01.936
1088276190470610964	1013306449130160159	803749877702983760	360033736739258370	0	2023-03-23 01:41:03.002
1088276194371317780	1013306449130160159	803749877702983760	360033736739258370	0	2023-03-23 01:41:03.932
1088276204722855957	1013306449130160159	803749877702983760	360033736739258370	0	2023-03-23 01:41:06.4
1088276208770371684	1013306449130160159	803749877702983760	360033736739258370	0	2023-03-23 01:41:07.365
1088276217196716043	1013306449130160159	803749877702983760	360033736739258370	0	2023-03-23 01:41:09.374
1088276212448776244	1013306449130160159	803749877702983760	360033736739258370	0	2023-03-23 01:41:08.242
1088276224998121533	1013306449130160159	803749877702983760	360033736739258370	0	2023-03-23 01:41:11.234
1088276221017723011	1013306449130160159	803749877702983760	360033736739258370	0	2023-03-23 01:41:10.285
1088276229058203678	1013306449130160159	803749877702983760	360033736739258370	0	2023-03-23 01:41:12.202
1088276233638383627	1013306449130160159	803749877702983760	360033736739258370	0	2023-03-23 01:41:13.294
1088276245432762438	1013306449130160159	803749877702983760	360033736739258370	0	2023-03-23 01:41:16.106
1088276241662103702	1013306449130160159	803749877702983760	360033736739258370	0	2023-03-23 01:41:15.207
1088276250042322994	1013306449130160159	803749877702983760	360033736739258370	0	2023-03-23 01:41:17.205
1088276257285869698	1013306449130160159	803749877702983760	360033736739258370	0	2023-03-23 01:41:18.932
1088276253691347064	1013306449130160159	803749877702983760	360033736739258370	0	2023-03-23 01:41:18.075
1088276261668925450	1013306449130160159	803749877702983760	360033736739258370	0	2023-03-23 01:41:19.977
1088276265359904798	1013306449130160159	803749877702983760	360033736739258370	0	2023-03-23 01:41:20.857
1088276270258864191	1013306449130160159	803749877702983760	360033736739258370	0	2023-03-23 01:41:22.025
1088276275090694144	1013306449130160159	803749877702983760	360033736739258370	0	2023-03-23 01:41:23.177
1088276278727159889	1013306449130160159	803749877702983760	360033736739258370	0	2023-03-23 01:41:24.044
1088276714305617930	1013306449130160159	803749877702983760	360033736739258370	0	2023-03-23 01:43:07.894
1088276718168592444	1013306449130160159	803749877702983760	360033736739258370	0	2023-03-23 01:43:08.815
1088276721591136326	1013306449130160159	803749877702983760	360033736739258370	0	2023-03-23 01:43:09.631
1088276725479252020	1013306449130160159	803749877702983760	360033736739258370	0	2023-03-23 01:43:10.558
1088276732269826058	1013306449130160159	803749877702983760	360033736739258370	0	2023-03-23 01:43:12.177
1088276729245749299	1013306449130160159	803749877702983760	360033736739258370	0	2023-03-23 01:43:11.456
1088276739416932392	1013306449130160159	803749877702983760	360033736739258370	0	2023-03-23 01:43:13.881
1088276735893721238	1013306449130160159	803749877702983760	360033736739258370	0	2023-03-23 01:43:13.041
1088276743040811108	1013306449130160159	803749877702983760	360033736739258370	0	2023-03-23 01:43:14.745
1088276745901330504	1013306449130160159	803749877702983760	360033736739258370	0	2023-03-23 01:43:15.427
1088276752683499530	1013306449130160159	803749877702983760	360033736739258370	0	2023-03-23 01:43:17.044
1088276749466476647	1013306449130160159	803749877702983760	360033736739258370	0	2023-03-23 01:43:16.277
1088276755837632522	1013306449130160159	803749877702983760	360033736739258370	0	2023-03-23 01:43:17.796
1088276759717367828	1013306449130160159	803749877702983760	360033736739258370	0	2023-03-23 01:43:18.721
1088276763311886346	1013306449130160159	803749877702983760	360033736739258370	0	2023-03-23 01:43:19.578
1088276767162236978	1013306449130160159	803749877702983760	360033736739258370	0	2023-03-23 01:43:20.496
1088276774091247726	1013306449130160159	803749877702983760	360033736739258370	0	2023-03-23 01:43:22.148
1088276777878683699	1013306449130160159	803749877702983760	360033736739258370	0	2023-03-23 01:43:23.051
1088276780231708742	1013306449130160159	803749877702983760	360033736739258370	0	2023-03-23 01:43:23.612
1088276783708782683	1013306449130160159	803749877702983760	360033736739258370	0	2023-03-23 01:43:24.441
1088276791413715016	1013306449130160159	803749877702983760	360033736739258370	0	2023-03-23 01:43:26.278
1088276798116212756	1013306449130160159	803749877702983760	360033736739258370	0	2023-03-23 01:43:27.876
1088276794391666788	1013306449130160159	803749877702983760	360033736739258370	0	2023-03-23 01:43:26.988
1088276801526186037	1013306449130160159	803749877702983760	360033736739258370	0	2023-03-23 01:43:28.689
1088276805120696370	1013306449130160159	803749877702983760	360033736739258370	0	2023-03-23 01:43:29.546
1088276808476139550	1013306449130160159	803749877702983760	360033736739258370	0	2023-03-23 01:43:30.346
1088276811881926676	1013306449130160159	803749877702983760	360033736739258370	0	2023-03-23 01:43:31.158
1088276815371587704	1013306449130160159	803749877702983760	360033736739258370	0	2023-03-23 01:43:31.99
1088276818966102097	1013306449130160159	803749877702983760	360033736739258370	0	2023-03-23 01:43:32.847
1088276822829056020	1013306449130160159	803749877702983760	360033736739258370	0	2023-03-23 01:43:33.768
1088276833520320512	1013306449130160159	803749877702983760	360033736739258370	0	2023-03-23 01:43:36.317
1088276845113397278	1013306449130160159	803749877702983760	360033736739258370	0	2023-03-23 01:43:39.081
1092659359688949760	1092643907885596773	445432481873657858	240645351705542658	0	2023-04-04 03:58:11.979
1088506364772491335	606367475491143690	445432481873657858	240645351705542658	1	2023-03-23 16:55:40.832
1092659334787379311	1092643907885596773	445432481873657858	240645351705542658	0	2023-04-04 03:58:06.042
1088506434049818656	606367475491143690	445432481873657858	240645351705542658	3	2023-03-23 16:55:57.349
1088553595739316305	828484348558835732	445432481873657858	240645351705542658	0	2023-03-23 20:03:21.572
1088553592450994267	828484348558835732	445432481873657858	240645351705542658	0	2023-03-23 20:03:20.788
1088553589598863521	828484348558835732	445432481873657858	240645351705542658	0	2023-03-23 20:03:20.108
1088553585823993947	828484348558835732	445432481873657858	240645351705542658	0	2023-03-23 20:03:19.208
1088606227438776331	828484348558835732	445432481873657858	240645351705542658	0	2023-03-23 23:32:29.947
1088606238138454136	828484348558835732	445432481873657858	240645351705542658	0	2023-03-23 23:32:32.498
1088606209038356541	828484348558835732	445432481873657858	240645351705542658	0	2023-03-23 23:32:25.56
1089312963342643210	606367475491143690	445432481873657858	240645351705542658	0	2023-03-25 22:20:48.917
1089313018518720523	606367475491143690	445432481873657858	240645351705542658	0	2023-03-25 22:21:02.072
1089313042623373503	606367475491143690	445432481873657858	240645351705542658	0	2023-03-25 22:21:07.819
1089318038513406042	1042881320646344758	445432481873657858	240645351705542658	-1	2023-03-25 22:40:58.932
1089318123754246295	1042881320646344758	445432481873657858	240645351705542658	-1	2023-03-25 22:41:19.255
1089318139369631755	1042881320646344758	445432481873657858	240645351705542658	-1	2023-03-25 22:41:22.978
1089318231795314718	1042881320646344758	445432481873657858	240645351705542658	1	2023-03-25 22:41:45.014
1089326216684785694	606367475491143690	445432481873657858	194223346731188224	0	2023-03-25 23:13:28.76
1090792085445165127	1042881320646344758	445432481873657858	240645351705542658	-1	2023-03-30 00:18:19.107
1090800365257101382	606367475491143690	445432481873657858	365555434775511052	1	2023-03-30 00:51:13.168
1092659388172476416	1092643907885596773	445432481873657858	240645351705542658	0	2023-04-04 03:58:18.77
1091496713212145695	606367475491143690	445432481873657858	240645351705542658	3	2023-03-31 22:58:15.458
1091496738789015732	606367475491143690	445432481873657858	240645351705542658	3	2023-03-31 22:58:21.556
1091496767364804738	606367475491143690	445432481873657858	240645351705542658	3	2023-03-31 22:58:28.369
1092530965433294849	606367475491143690	445432481873657858	240645351705542658	0	2023-04-03 19:28:00.403
1092659332274987065	606367475491143690	445432481873657858	240645351705542658	0	2023-04-04 03:58:05.443
1092659365212864532	1092643907885596773	445432481873657858	240645351705542658	0	2023-04-04 03:58:13.296
1093280138562633830	606367475491143690	445432481873657858	318530865648893953	1	2023-04-05 21:04:57.196
1092989336355622922	606367475491143690	445432481873657858	256212924723363844	3	2023-04-05 01:49:24.547
1092989401786757200	606367475491143690	445432481873657858	256212924723363844	3	2023-04-05 01:49:40.147
1092990402539303023	606367475491143690	445432481873657858	240645351705542658	2	2023-04-05 01:53:38.745
\.


--
-- Data for Name: Reaction; Type: TABLE DATA; Schema: public; Owner: -
--

COPY public."Reaction" ("createdAt", "userId", "messageId", "position", weight) FROM stdin;
2023-02-17 02:35:50.947	360033736739258370	1075968730493890591	0	100
2023-02-17 02:36:15.991	360033736739258370	1075968839138938941	0	110
2023-02-17 02:36:17.771	360033736739258370	1075968842431463525	0	121
2023-02-17 02:36:19.34	360033736739258370	1075968846281846925	0	133.1
2023-02-17 02:36:21.008	360033736739258370	1075968849293344768	0	146.41
2023-02-17 02:36:22.97	360033736739258370	1075968852619427931	0	161.051
2023-02-17 02:36:25.671	360033736739258370	1075968855450603520	0	177.1561
2023-02-17 02:36:27.5	360033736739258370	1075968861939187813	0	194.87171
2023-02-17 02:36:29.846	360033736739258370	1075968867811205140	0	214.358881
2023-02-17 02:36:32.761	360033736739258370	1075968871208587294	0	235.7947691
2023-02-17 02:36:36.63	360033736739258370	1075968875453235332	0	259.37424601
2023-02-17 02:36:38.265	360033736739258370	1075968882755522612	0	285.311670611
2023-02-17 02:36:46.389	208308792155308033	1075968879362330664	0	-113.8428376721
2023-02-17 02:36:58.65	208308792155308033	1075968882755522612	1	-113.8428376721
2023-02-17 02:37:11.694	208308792155308033	1075968875453235332	1	-113.8428376721
2023-02-17 02:37:12.047	208308792155308033	1075968871208587294	1	-113.8428376721
2023-02-17 02:37:12.914	208308792155308033	1075968861939187813	1	-113.8428376721
2023-02-17 02:37:13.792	208308792155308033	1075968867811205140	1	-113.8428376721
2023-02-17 02:37:14.153	208308792155308033	1075968855450603520	1	-113.8428376721
2023-02-17 02:37:15.468	208308792155308033	1075968849293344768	1	-113.8428376721
2023-02-17 02:37:15.774	208308792155308033	1075968852619427931	1	-113.8428376721
2023-02-17 02:37:16.191	208308792155308033	1075968846281846925	1	-113.8428376721
2023-02-17 02:37:16.549	208308792155308033	1075968842431463525	1	-113.8428376721
2023-02-17 02:37:17.4	208308792155308033	1075968839138938941	1	-113.8428376721
2023-02-17 02:37:18.285	208308792155308033	1075968730493890591	1	-113.8428376721
2023-02-17 02:38:03.396	360033736739258370	1075969265485762661	0	313.8428376721
2023-02-17 02:38:06.165	360033736739258370	1075969288147566602	0	345.22712143931
2023-02-17 02:38:07.985	360033736739258370	1075969291922456666	0	379.749833583241
2023-02-17 02:38:09.627	360033736739258370	1075969299291852820	0	417.7248169415651
2023-02-17 02:38:15.436	360033736739258370	1075969295256911892	0	459.4972986357216
2023-02-17 02:38:18.099	360033736739258370	1075969303444213800	0	505.4470284992938
2023-02-17 02:38:19.786	360033736739258370	1075969307089043586	0	555.9917313492232
2023-02-17 02:38:21.455	360033736739258370	1075969313615396934	0	611.5909044841454
2023-02-17 02:38:23.259	360033736739258370	1075969310385774714	0	672.7499949325601
2023-02-17 02:38:25.211	360033736739258370	1075969320984776715	0	740.0249944258161
2023-02-17 02:38:27.07	360033736739258370	1075969317331550208	0	814.0274938683976
2023-02-17 02:38:29.004	360033736739258370	1075969327695671326	0	895.4302432552373
2023-02-17 02:38:32.12	360033736739258370	1075969324222779432	0	984.9732675807611
2023-02-17 04:57:29.527	256212924723363844	1076002274263965716	0	100
2023-02-17 04:57:56.114	240645351705542658	1076002274263965716	1	100
2023-02-17 04:58:33.628	256212924723363844	1076004574529323140	0	110
2023-02-17 04:58:57.462	240645351705542658	1076004574529323140	1	110
2023-02-17 04:59:07.721	256212924723363844	1076004819682209792	0	99
2023-02-19 22:11:55.505	256212924723363844	1076989502209404939	0	108.9
2023-02-19 22:12:11.259	256212924723363844	1076989583604076645	0	119.79
2023-02-19 22:12:21.426	256212924723363844	1076989636242591786	0	131.769
2023-02-19 22:12:26.816	256212924723363844	1076989660238200935	0	144.9459
2023-02-19 22:12:42.541	256212924723363844	1076989672170995742	0	159.44049
2023-02-19 22:38:32.721	718685740053037058	1076989583604076645	1	100
2023-02-19 22:38:34.501	718685740053037058	1076989502209404939	1	110
2023-02-19 22:38:37.526	718685740053037058	1076989636242591786	1	121
2023-02-19 22:38:38.235	718685740053037058	1076989660238200935	1	133.1
2023-02-19 22:38:38.798	718685740053037058	1076989672170995742	1	146.41
2023-02-19 23:02:24.023	318530865648893953	1076989502209404939	2	100
2023-02-19 23:02:25.047	318530865648893953	1076989583604076645	2	110
2023-02-19 23:02:25.546	318530865648893953	1076989636242591786	2	121
2023-02-19 23:02:26.126	318530865648893953	1076989660238200935	2	133.1
2023-02-19 23:02:26.568	318530865648893953	1076989672170995742	2	146.41
2023-02-20 02:33:42.146	256212924723363844	1077055231747182642	0	175.384539
2023-02-20 03:01:27.941	239876252331278347	1077055231747182642	1	80
2023-02-20 04:02:44.28	447919795271237632	1077055231747182642	2	100
2023-02-21 22:26:08.149	256212924723363844	1077717788992475176	0	192.9229929
2023-02-21 22:26:11.748	318530865648893953	1077717788992475176	1	161.051
2023-02-21 23:00:57.331	240645351705542658	1077717788992475176	2	-113.0249929
2023-02-22 01:55:45.017	240645351705542658	1077759208910503957	0	-124.32749219
2023-02-22 17:17:23.926	256212924723363844	1078002311546278008	0	212.21529219
2023-02-23 03:36:13.388	239876252331278347	1078156280151150603	0	88
2023-02-23 03:46:37.78	718685740053037058	1078156280151150603	1	149.388849219
2023-02-23 04:02:49.591	208308792155308033	1078156280151150603	2	-883.4705943388374
2023-02-23 05:25:14.142	240645351705542658	1078156280151150603	3	-157.981770628
2023-02-23 07:03:59.564	240645351705542658	1078210592147509298	0	-173.7799476908
2023-02-25 17:58:46.841	256212924723363844	1079099864333430855	0	233.436821409
2023-02-25 23:57:34.4	256212924723363844	1079190168981999726	0	256.7805035499
2023-02-26 00:08:11.718	239876252331278347	1079190168981999726	1	96.80000000000001
2023-02-26 00:11:10.097	365555434775511052	1079190168981999726	2	100
2023-02-26 07:10:40.535	256212924723363844	1079297615541325876	0	282.45855390489
2023-02-26 08:56:53.324	365555434775511052	1079297615541325876	1	110
2023-02-27 02:04:13.013	208308792155308033	1079581209098735616	0	-971.8176537727212
2023-02-27 03:39:03.902	718685740053037058	1079581209098735616	1	118.96968378591
2023-02-27 16:26:08.962	718685740053037058	1079799455362072586	0	130.866652164501
2023-02-27 16:44:31.427	208308792155308033	1079799455362072586	1	-1068.999419149993
2023-02-27 16:57:02.129	256212924723363844	1079799455362072586	2	395.9892062940601
2023-02-27 17:02:44.669	240645351705542658	1079799455362072586	3	-236.369485222189
2023-02-27 17:20:29.126	318530865648893953	1079799455362072586	4	177.1561
2023-02-27 17:52:42.121	718685740053037058	1079823274533462109	0	143.9533173809511
2023-02-27 17:55:08.108	240645351705542658	1079823274533462109	1	-260.006433744408
2023-02-27 18:11:20.034	208308792155308033	1079823274533462109	2	-1175.899361064993
2023-03-02 05:38:15.248	718685740053037058	1080725686576234538	0	158.3486491190462
2023-03-02 19:30:23.106	256212924723363844	1080935015568912414	0	435.5881269234662
2023-03-02 19:31:41.045	208308792155308033	1080935015568912414	1	-1293.489297171492
2023-03-02 20:56:45.896	142470336544243712	1080935015568912414	2	100
2023-03-05 00:28:57.157	256212924723363844	1081735050783105034	0	479.1469396158127
2023-03-05 22:16:39.066	256212924723363844	1082064120309883051	0	527.0616335773941
2023-03-05 22:28:47.262	718685740053037058	1082064120309883051	1	174.1835140309508
2023-03-05 22:49:02.949	318530865648893953	1082064120309883051	2	194.87171
2023-03-05 22:51:58.29	256212924723363844	1082073001601810462	0	579.7677969351334
2023-03-05 22:52:50.876	239876252331278347	1082073001601810462	1	295.8109423342071
2023-03-05 23:09:51.731	239876252331278347	1082064120309883051	3	325.3920365676278
2023-03-05 23:14:51.256	318530865648893953	1082073001601810462	2	214.358881
2023-03-05 23:15:40.464	208308792155308033	1082073001601810462	3	-1422.838226888641
2023-03-05 23:17:40.06	240645351705542658	1082073001601810462	4	-362.8273477231993
2023-03-05 23:17:54.083	240645351705542658	1082078798306082898	0	-362.8273477231993
2023-03-05 23:18:22.987	256212924723363844	1082078798306082898	1	637.7445766286469
2023-03-05 23:18:25.784	208308792155308033	1082078798306082898	2	-1565.122049577505
2023-03-06 01:21:43.786	1045252705330933800	1082110664073547896	0	100
2023-03-06 01:21:50.188	208308792155308033	1082110664073547896	1	-1721.634254535256
2023-03-06 01:26:11.939	240645351705542658	1082110664073547896	2	-399.1100824955192
2023-03-06 01:31:34.376	718685740053037058	1082110664073547896	3	191.6018654340459
2023-03-06 01:42:30.176	318530865648893953	1082110664073547896	4	364.8152511672058
2023-03-07 20:44:25.891	208308792155308033	1082765675388481697	0	-1893.797679988781
2023-03-07 20:45:10.62	256212924723363844	1082765675388481697	1	701.5190342915116
2023-03-07 20:45:13.255	142470336544243712	1082765675388481697	2	110
2023-03-07 20:45:22.808	318530865648893953	1082765675388481697	3	401.2967762839263
2023-03-07 23:11:53.839	244621150112448512	1082802791707312219	0	100
2023-03-07 23:11:57.235	142470336544243712	1082802791707312219	1	121
2023-03-07 23:12:19.554	256212924723363844	1082802791707312219	2	771.6709377206628
2023-03-11 14:47:29.196	318530865648893953	1084125425481023540	0	342.1593601402527
2023-03-11 14:47:31.25	240645351705542658	1084125425481023540	1	-370.9229038037367
2023-03-11 14:51:53.852	208308792155308033	1084125425481023540	2	-2083.177447987659
2023-03-11 15:40:50.326	239876252331278347	1084125425481023540	3	357.9312402243906
2023-03-11 16:59:20.055	718685740053037058	1084125425481023540	4	210.7620519774505
2023-03-11 22:49:34.714	256212924723363844	1084246430044139612	0	1003.162801437659
2023-03-11 22:50:18.558	365555434775511052	1084246430044139612	1	121
2023-03-11 22:50:50.944	718685740053037058	1084246430044139612	2	231.8382571751956
2023-03-12 00:17:54.474	240645351705542658	1084246430044139612	3	-408.0151941841104
2023-03-13 05:33:17.523	256212924723363844	1084710415059144754	0	1103.479081581425
2023-03-13 06:21:25.367	365555434775511052	1084710415059144754	1	133.1
2023-03-15 04:24:23.607	256212924723363844	1085418194262573088	0	1213.826989739568
2023-03-15 04:24:23.607	718685740053037058	1085418194262573088	1	255.0220828927151
2023-03-15 12:26:35.905	244621150112448512	1085539545115795456	0	110
2023-03-15 12:26:35.905	240645351705542658	1085539545115795456	1	-719.3595290238923
2023-03-15 16:14:36.027	256212924723363844	1085596923706224690	0	1335.209688713524
2023-03-15 17:29:48.134	256212924723363844	1085615848854655036	0	1468.730657584877
2023-03-15 17:29:48.134	718685740053037058	1085615848854655036	1	280.5242911819866
2023-03-15 18:29:26.085	718685740053037058	1085630855868841984	0	308.5767203001853
2023-03-16 17:59:34.097	365555434775511052	1085985727592005653	0	146.41
2023-03-16 17:59:34.097	240645351705542658	1085985727592005653	1	-1130.599617704339
2023-03-19 19:25:38.802	718685740053037058	1087094553531646172	0	339.4343923302038
2023-03-19 20:57:18.784	718685740053037058	1087117622128165054	0	373.3778315632242
2023-03-19 20:57:19.657	718685740053037058	1087117625789780028	0	410.7156147195466
2023-03-19 20:57:20.989	718685740053037058	1087117631376593017	0	451.7871761915013
2023-03-19 20:57:21.808	718685740053037058	1087117634811740160	0	496.9658938106514
2023-03-19 20:57:22.533	718685740053037058	1087117637852614758	0	546.6624831917165
2023-03-19 20:57:23.286	718685740053037058	1087117641010921472	0	601.3287315108881
2023-03-19 20:57:24.479	718685740053037058	1087117646014722078	0	661.461604661977
2023-03-19 20:57:25.444	718685740053037058	1087117650062213210	0	727.6077651281747
2023-03-19 20:57:26.168	718685740053037058	1087117653098909746	0	800.3685416409921
2023-03-19 20:57:29.413	718685740053037058	1087117666709426278	0	880.4053958050914
2023-03-19 20:59:52.059	208308792155308033	1087118265010094202	0	-2291.495192786425
2023-03-19 21:01:54.648	718685740053037058	1087118779185627257	0	968.4459353856006
2023-03-19 21:01:54.648	208308792155308033	1087118779185627257	1	-2520.644712065067
2023-03-19 20:59:52.059	718685740053037058	1087118265010094202	1	1065.290528924161
2023-03-19 21:01:54.648	240645351705542658	1087118779185627257	2	-1243.659579474773
2023-03-19 21:00:26.706	718685740053037058	1087118410330144930	0	1171.819581816577
2023-03-19 21:00:25.716	718685740053037058	1087118406177796170	0	1289.001539998234
2023-03-19 21:00:24.655	718685740053037058	1087118401727643781	0	1417.901693998058
2023-03-19 21:14:00.587	360033736739258370	1087121823994495067	0	1083.470594338837
2023-03-19 21:14:00.945	360033736739258370	1087121825496043680	0	1191.817653772721
2023-03-19 21:14:01.273	360033736739258370	1087121826871791636	0	1310.999419149993
2023-03-19 21:14:01.551	360033736739258370	1087121828037795840	0	1442.099361064992
2023-03-19 21:14:01.784	360033736739258370	1087121829015076864	0	1586.309297171492
2023-03-19 21:14:02.02	360033736739258370	1087121830004932678	0	1744.940226888641
2023-03-19 21:14:02.538	360033736739258370	1087121832177573908	0	1919.434249577505
2023-03-19 21:14:02.269	360033736739258370	1087121831049306203	0	2111.377674535255
2023-03-19 21:14:02.859	360033736739258370	1087121833523945514	0	2322.515441988781
2023-03-19 21:14:03.361	360033736739258370	1087121835629486160	0	2554.766986187659
2023-03-19 21:14:03.116	360033736739258370	1087121834601877505	0	2810.243684806425
2023-03-19 21:14:03.888	360033736739258370	1087121837839892612	0	3091.268053287067
2023-03-19 21:14:03.64	360033736739258370	1087121836799701062	0	3400.394858615774
2023-03-19 21:15:02.356	360033736739258370	1087122083072450620	0	3740.434344477351
2023-03-19 21:15:02.028	360033736739258370	1087122081696718989	0	4114.477778925087
2023-03-19 21:15:02.676	360033736739258370	1087122084414640229	0	4525.925556817595
2023-03-19 21:15:03.283	360033736739258370	1087122086960566373	0	4978.518112499354
2023-03-19 21:15:02.966	360033736739258370	1087122085630980106	0	5476.36992374929
2023-03-19 21:15:03.629	360033736739258370	1087122088411807964	0	6024.006916124219
2023-03-19 21:15:03.858	360033736739258370	1087122089372291072	0	6626.407607736641
2023-03-19 21:15:04.137	360033736739258370	1087122090542514308	0	7289.048368510304
2023-03-19 21:15:04.38	360033736739258370	1087122091561725993	0	8017.953205361336
2023-03-19 21:15:34.779	360033736739258370	1087122219064373268	0	8819.748525897468
2023-03-19 21:15:35.07	360033736739258370	1087122220284919939	0	9701.723378487215
2023-03-19 21:15:35.553	360033736739258370	1087122222310752397	0	10671.89571633594
2023-03-19 21:15:35.306	360033736739258370	1087122221274759259	0	11739.08528796953
2023-03-19 21:15:35.974	360033736739258370	1087122224076562435	0	12912.99381676648
2023-03-19 21:15:36.253	360033736739258370	1087122225246765166	0	14204.29319844313
2023-03-19 21:15:36.686	360033736739258370	1087122227062907023	0	15624.72251828745
2023-03-19 21:15:36.432	360033736739258370	1087122225997545504	0	17187.19477011619
2023-03-19 21:15:37.382	360033736739258370	1087122229982142484	0	18905.91424712781
2023-03-19 21:15:37.637	360033736739258370	1087122231051698277	0	20796.50567184059
2023-03-19 21:15:37.905	360033736739258370	1087122232175771698	0	22876.15623902465
2023-03-19 21:01:09.423	208308792155308033	1087118589498232853	0	-26853.01045185985
2023-03-19 21:48:52.923	208308792155308033	1087130599887732816	0	-29538.31149704584
2023-03-19 21:46:54.441	208308792155308033	1087130102938222653	0	-32492.14264675042
2023-03-19 21:20:29.771	208308792155308033	1087123456350494970	0	-35741.35691142547
2023-03-19 21:20:30.875	208308792155308033	1087123460980998154	0	-39315.49260256802
2023-03-19 21:15:44.98	208308792155308033	1087122261850464416	0	-43247.04186282482
2023-03-19 21:15:42.412	208308792155308033	1087122251079495841	0	-47571.7460491073
2023-03-19 21:15:30.309	208308792155308033	1087122200315834378	0	-52328.92065401803
2023-03-19 21:15:24.555	208308792155308033	1087122176181813448	0	-57561.81271941983
2023-03-19 21:14:58.638	208308792155308033	1087122067478028369	0	-63317.99399136181
2023-03-19 21:14:57.774	208308792155308033	1087122063854157928	0	-69649.793390498
2023-03-19 21:14:50.433	208308792155308033	1087122033063759903	0	-76614.7727295478
2023-03-19 21:14:43.474	208308792155308033	1087122003875602462	0	-84276.25000250258
2023-03-20 22:15:18.154	365555434775511052	1087499636694065202	0	161.051
2023-03-20 22:15:18.154	318530865648893953	1087499636694065202	1	376.375296154278
2023-03-20 22:15:18.154	240645351705542658	1087499636694065202	2	61797.53796828474
2023-03-20 22:17:12.849	447919795271237632	1087500117759766608	0	110
2023-03-20 22:17:12.849	718685740053037058	1087500117759766608	1	1559.691863397864
2023-03-20 22:17:12.849	208308792155308033	1087500117759766608	2	-92703.87500275284
2023-03-20 22:17:12.849	240645351705542658	1087500117759766608	3	67977.29176511323
2023-03-20 22:18:44.282	285259653707726848	1087500501257572383	0	-3747.400937444943
2023-03-20 22:18:44.282	718685740053037058	1087500501257572383	1	1715.66104973765
2023-03-20 22:18:44.282	208308792155308033	1087500501257572383	2	-101974.2625030281
2023-03-20 22:19:57.769	208308792155308033	1087500809484374096	0	-112171.6887533309
2023-03-20 22:20:05.572	208308792155308033	1087500842212532365	0	-123388.857628664
2023-03-20 22:17:12.849	365555434775511052	1087500117759766608	4	177.1561
2023-03-20 22:18:44.282	365555434775511052	1087500501257572383	3	194.87171
2023-03-20 22:19:57.769	365555434775511052	1087500809484374096	1	214.358881
2023-03-20 22:20:05.572	365555434775511052	1087500842212532365	1	235.7947691
2023-03-20 22:21:22.324	718685740053037058	1087501164133748816	0	1887.227154711415
2023-03-20 22:21:22.324	318530865648893953	1087501164133748816	1	414.0128257697058
2023-03-20 22:21:22.324	208308792155308033	1087501164133748816	2	-135727.7433915304
2023-03-20 22:22:53.898	365555434775511052	1087501548222951484	0	259.37424601
2023-03-20 22:19:57.769	718685740053037058	1087500809484374096	2	2075.949870182556
2023-03-20 22:20:05.572	718685740053037058	1087500842212532365	2	2283.544857200812
2023-03-21 15:32:31.669	142470336544243712	1087760662974959616	0	133.1
2023-03-21 15:32:30.822	142470336544243712	1087760659422380072	0	146.41
2023-03-21 15:32:29.562	142470336544243712	1087760654137561088	0	161.051
2023-03-21 15:32:28.557	142470336544243712	1087760649922293791	0	177.1561
2023-03-21 15:32:28.099	142470336544243712	1087760648001290321	0	194.87171
2023-03-21 15:32:27.779	142470336544243712	1087760646659121292	0	214.358881
2023-03-21 15:32:24.734	142470336544243712	1087760633887465542	0	235.7947691
2023-03-21 15:32:25.613	142470336544243712	1087760637574266900	0	259.37424601
2023-03-21 15:32:33.086	142470336544243712	1087760668918288525	0	285.311670611
2023-03-22 23:40:23.688	718685740053037058	1088245826586935416	0	2511.899342920894
2023-03-22 23:40:22.815	718685740053037058	1088245822925316177	0	2763.089277212983
2023-03-22 23:40:22.217	718685740053037058	1088245820417134612	0	3039.398204934281
2023-03-22 23:40:21.526	718685740053037058	1088245817518866452	0	3343.338025427709
2023-03-23 00:46:10.494	718685740053037058	1088262380691136532	0	3677.67182797048
2023-03-23 00:47:38.724	256212924723363844	1088262750754574486	0	3603.90336999265
2023-03-23 00:47:38.724	208308792155308033	1088262750754574486	1	-149300.5177306835
2023-03-23 00:47:45.856	718685740053037058	1088262780668346378	0	4045.439010767528
2023-03-23 00:48:00.653	718685740053037058	1088262842731462707	0	4449.982911844281
2023-03-23 00:48:14.001	718685740053037058	1088262898717040780	0	4894.981203028709
2023-03-23 00:48:50.792	718685740053037058	1088263053029679114	0	5384.47932333158
2023-03-23 00:48:52.346	718685740053037058	1088263059547627581	0	5922.927255664737
2023-03-23 00:48:45.016	240645351705542658	1088263028803379332	0	132114.277524412
2023-03-23 00:47:38.724	718685740053037058	1088262750754574486	2	-7365.82854833099
2023-03-23 00:48:50.792	208308792155308033	1088263053029679114	1	-164230.5695037518
2023-03-23 00:48:52.346	208308792155308033	1088263059547627581	1	-180653.626454127
2023-03-23 01:00:27.01	208308792155308033	1088265973179625532	0	-218590.8880094937
2023-03-23 01:03:13.308	718685740053037058	1088266670683992135	0	14426.29817490628
2023-03-23 01:09:00.327	208308792155308033	1088268126187163750	0	-220578.0779004891
2023-03-23 01:09:01.33	208308792155308033	1088268130394066995	0	-242635.885690538
2023-03-23 01:09:03.36	208308792155308033	1088268138908487701	0	-266899.4742595918
2023-03-23 01:09:05.001	208308792155308033	1088268145791352953	0	-293589.421685551
2023-03-23 01:09:05.823	208308792155308033	1088268149239058492	0	-322948.363854106
2023-03-23 01:09:07.893	208308792155308033	1088268157921284106	0	-355243.2002395167
2023-03-23 01:09:10.131	208308792155308033	1088268167308136468	0	-390767.5202634684
2023-03-23 01:09:09.052	208308792155308033	1088268162782466088	0	-429844.2722898152
2023-03-23 01:09:11.109	208308792155308033	1088268171410149397	0	-472828.6995187966
2023-03-23 01:10:29.686	208308792155308033	1088268500985974915	0	-520111.5694706764
2023-03-23 01:10:30.786	208308792155308033	1088268505599725679	0	-572122.726417744
2023-03-23 01:10:31.66	208308792155308033	1088268509265543219	0	-629334.9990595184
2023-03-23 01:10:32.939	208308792155308033	1088268514630041691	0	-692268.4989654704
2023-03-23 01:10:33.847	208308792155308033	1088268518438490152	0	-761495.3488620174
2023-03-23 01:10:34.775	208308792155308033	1088268522330791976	0	-837644.883748219
2023-03-23 01:10:35.574	208308792155308033	1088268525682049094	0	-921409.3721230408
2023-03-23 01:10:38.689	208308792155308033	1088268538747310111	0	-1013550.309335345
2023-03-23 01:10:39.507	208308792155308033	1088268542178246696	0	-1114905.340268879
2023-03-23 01:10:40.373	208308792155308033	1088268545810518077	0	-1226395.874295767
2023-03-23 01:10:41.226	208308792155308033	1088268549388242955	0	-1349035.461725344
2023-03-23 01:10:42.73	208308792155308033	1088268555696492594	0	-1483939.007897879
2023-03-23 01:10:43.5	208308792155308033	1088268558926098502	0	-1632332.908687667
2023-03-23 01:10:47.641	208308792155308033	1088268576294703220	0	-1795566.199556433
2023-03-23 01:10:45.276	208308792155308033	1088268566375174194	0	-1975122.819512076
2023-03-23 01:10:49.738	208308792155308033	1088268585090162688	0	-2172635.101463284
2023-03-23 01:10:48.839	208308792155308033	1088268581319483473	0	-2389898.611609613
2023-03-23 01:10:50.653	208308792155308033	1088268588927946782	0	-2628888.472770574
2023-03-23 01:10:51.592	208308792155308033	1088268592866398218	0	-2891777.320047631
2023-03-23 01:10:55.568	208308792155308033	1088268609542946827	0	-3180955.052052394
2023-03-23 01:10:53.375	208308792155308033	1088268600344858816	0	-3499050.557257635
2023-03-23 01:10:57.17	208308792155308033	1088268616262238318	0	-3848955.612983398
2023-03-23 00:47:38.724	244621150112448512	1088262750754574486	3	121
2023-03-23 01:38:35.261	208308792155308033	1088275570799951872	0	-4233851.174281738
2023-03-23 01:38:35.947	208308792155308033	1088275573677240360	0	-4657236.291709912
2023-03-23 01:38:37.51	208308792155308033	1088275580232929333	0	-5122959.920880903
2023-03-23 01:38:39.436	208308792155308033	1088275588311162960	0	-5635255.912968993
2023-03-23 01:38:41.422	208308792155308033	1088275596641042473	0	-6198781.504265893
2023-03-23 01:38:40.421	208308792155308033	1088275592442548225	0	-6818659.654692482
2023-03-23 01:38:42.099	208308792155308033	1088275599480598539	0	-7500525.620161731
2023-03-23 01:38:43.874	208308792155308033	1088275606925484184	0	-8250578.182177903
2023-03-23 01:38:43.051	208308792155308033	1088275603473563678	0	-9075636.000395693
2023-03-23 01:38:44.664	208308792155308033	1088275610238992434	0	-9983199.600435263
2023-03-23 01:38:46.33	208308792155308033	1088275617226686574	0	-10981519.56047879
2023-03-23 01:38:45.585	208308792155308033	1088275614101934121	0	-12079671.51652667
2023-03-23 01:38:47.18	208308792155308033	1088275620791865364	0	-13287638.66817933
2023-03-23 01:38:48.004	208308792155308033	1088275624247971921	0	-14616402.53499726
2023-03-23 01:38:49.812	208308792155308033	1088275631831257161	0	-16078042.78849699
2023-03-23 01:38:51.622	208308792155308033	1088275639422963753	0	-17685847.06734669
2023-03-23 01:38:50.715	208308792155308033	1088275635618730016	0	-19454431.77408136
2023-03-23 01:38:49.002	208308792155308033	1088275628433870859	0	-21399874.95148949
2023-03-23 01:38:52.503	208308792155308033	1088275643118145576	0	-23539862.44663844
2023-03-23 01:38:53.176	208308792155308033	1088275645940899850	0	-25893848.69130228
2023-03-23 01:38:53.972	208308792155308033	1088275649279565854	0	-28483233.56043252
2023-03-23 01:38:55.964	208308792155308033	1088275657634623549	0	-31331556.91647577
2023-03-23 01:38:55.115	208308792155308033	1088275654073663571	0	-34464712.60812335
2023-03-23 01:38:57.615	208308792155308033	1088275664559423498	0	-37911183.86893568
2023-03-23 01:38:56.828	208308792155308033	1088275661258506292	0	-41702302.25582925
2023-03-23 01:38:58.494	208308792155308033	1088275668246216775	0	-45872532.48141218
2023-03-23 01:38:59.206	208308792155308033	1088275671232561202	0	-50459785.7295534
2023-03-23 01:40:56.392	208308792155308033	1088276162746269807	0	-55505764.30250874
2023-03-23 01:40:58.152	208308792155308033	1088276170128244797	0	-61056340.73275961
2023-03-23 01:40:59.199	208308792155308033	1088276174519685220	0	-67161974.80603556
2023-03-23 01:41:01.034	208308792155308033	1088276182216220802	0	-73878172.28663912
2023-03-23 01:41:00.137	208308792155308033	1088276178453925898	0	-81265989.51530303
2023-03-23 01:41:01.936	208308792155308033	1088276185999491124	0	-89392588.46683334
2023-03-23 01:41:03.002	208308792155308033	1088276190470610964	0	-98331847.31351668
2023-03-23 01:41:03.932	208308792155308033	1088276194371317780	0	-108165032.0448683
2023-03-23 01:41:06.4	208308792155308033	1088276204722855957	0	-118981535.2493552
2023-03-23 01:41:07.365	208308792155308033	1088276208770371684	0	-130879688.7742907
2023-03-23 01:41:09.374	208308792155308033	1088276217196716043	0	-143967657.6517198
2023-03-23 01:41:08.242	208308792155308033	1088276212448776244	0	-158364423.4168918
2023-03-23 01:41:11.234	208308792155308033	1088276224998121533	0	-174200865.7585809
2023-03-23 01:41:10.285	208308792155308033	1088276221017723011	0	-191620952.334439
2023-03-23 01:41:12.202	208308792155308033	1088276229058203678	0	-210783047.5678829
2023-03-23 01:41:13.294	208308792155308033	1088276233638383627	0	-231861352.3246712
2023-03-23 01:41:16.106	208308792155308033	1088276245432762438	0	-255047487.5571384
2023-03-23 01:41:15.207	208308792155308033	1088276241662103702	0	-280552236.3128522
2023-03-23 01:41:17.205	208308792155308033	1088276250042322994	0	-308607459.9441375
2023-03-23 01:41:18.932	208308792155308033	1088276257285869698	0	-339468205.9385512
2023-03-23 01:41:18.075	208308792155308033	1088276253691347064	0	-373415026.5324063
2023-03-23 01:41:19.977	208308792155308033	1088276261668925450	0	-410756529.185647
2023-03-23 01:41:20.857	208308792155308033	1088276265359904798	0	-451832182.1042116
2023-03-23 01:41:22.025	208308792155308033	1088276270258864191	0	-497015400.3146328
2023-03-23 01:41:23.177	208308792155308033	1088276275090694144	0	-546716940.346096
2023-03-23 01:41:24.044	208308792155308033	1088276278727159889	0	-601388634.3807057
2023-03-23 01:43:07.894	208308792155308033	1088276714305617930	0	-661527497.8187762
2023-03-23 01:43:08.815	208308792155308033	1088276718168592444	0	-727680247.6006539
2023-03-23 01:43:09.631	208308792155308033	1088276721591136326	0	-800448272.3607192
2023-03-23 01:43:10.558	208308792155308033	1088276725479252020	0	-880493099.5967911
2023-03-23 01:43:12.177	208308792155308033	1088276732269826058	0	-968542409.5564702
2023-03-23 01:43:11.456	208308792155308033	1088276729245749299	0	-1065396650.512117
2023-03-23 01:43:13.881	208308792155308033	1088276739416932392	0	-1171936315.563329
2023-03-23 01:43:13.041	208308792155308033	1088276735893721238	0	-1289129947.119662
2023-03-23 01:43:14.745	208308792155308033	1088276743040811108	0	-1418042941.831628
2023-03-23 01:43:15.427	208308792155308033	1088276745901330504	0	-1559847236.014791
2023-03-23 01:43:17.044	208308792155308033	1088276752683499530	0	-1715831959.61627
2023-03-23 01:43:16.277	208308792155308033	1088276749466476647	0	-1887415155.577897
2023-03-23 01:43:17.796	208308792155308033	1088276755837632522	0	-2076156671.135687
2023-03-23 01:43:18.721	208308792155308033	1088276759717367828	0	-2283772338.249256
2023-03-23 01:43:19.578	208308792155308033	1088276763311886346	0	-2512149572.074181
2023-03-23 01:43:20.496	208308792155308033	1088276767162236978	0	-2763364529.281599
2023-03-23 01:43:22.148	208308792155308033	1088276774091247726	0	-3039700982.209759
2023-03-23 01:43:23.051	208308792155308033	1088276777878683699	0	-3343671080.430735
2023-03-23 01:43:23.612	208308792155308033	1088276780231708742	0	-3678038188.473809
2023-03-23 01:43:24.441	208308792155308033	1088276783708782683	0	-4045842007.32119
2023-03-23 01:43:26.278	208308792155308033	1088276791413715016	0	-4450426208.053309
2023-03-23 01:43:27.876	208308792155308033	1088276798116212756	0	-4895468828.85864
2023-03-23 01:43:26.988	208308792155308033	1088276794391666788	0	-5385015711.744504
2023-03-23 01:43:28.689	208308792155308033	1088276801526186037	0	-5923517282.918955
2023-03-23 01:43:29.546	208308792155308033	1088276805120696370	0	-6515869011.21085
2023-03-23 01:43:30.346	208308792155308033	1088276808476139550	0	-7167455912.331934
2023-03-23 01:43:31.158	208308792155308033	1088276811881926676	0	-7884201503.565128
2023-03-23 01:43:31.99	208308792155308033	1088276815371587704	0	-8672621653.92164
2023-03-23 01:43:32.847	208308792155308033	1088276818966102097	0	-9539883819.313805
2023-03-23 01:43:33.768	208308792155308033	1088276822829056020	0	-10493872201.24519
2023-03-23 01:43:36.317	208308792155308033	1088276833520320512	0	-11543259421.36971
2023-03-23 01:43:39.081	208308792155308033	1088276845113397278	0	-12697585363.50668
2023-03-23 16:55:40.832	256212924723363844	1088506364772491335	0	3964.293706991915
2023-03-23 16:55:57.349	256212924723363844	1088506434049818656	0	4360.723077691106
2023-03-23 16:55:57.349	142470336544243712	1088506434049818656	1	313.8428376721
2023-03-23 16:55:40.832	142470336544243712	1088506364772491335	1	345.22712143931
2023-03-23 16:55:57.349	244621150112448512	1088506434049818656	2	133.1
2023-03-23 16:55:57.349	365555434775511052	1088506434049818656	3	285.311670611
2023-03-23 20:03:21.572	718685740053037058	1088553595739316305	0	15868.92799239691
2023-03-23 20:03:20.788	718685740053037058	1088553592450994267	0	17455.8207916366
2023-03-23 20:03:20.108	718685740053037058	1088553589598863521	0	19201.40287080026
2023-03-23 20:03:19.208	718685740053037058	1088553585823993947	0	21121.54315788029
2023-03-23 23:32:29.947	718685740053037058	1088606227438776331	0	23233.69747366832
2023-03-23 23:32:32.498	718685740053037058	1088606238138454136	0	25557.06722103515
2023-03-23 23:32:25.56	718685740053037058	1088606209038356541	0	28112.77394313867
2023-03-25 22:20:48.917	256212924723363844	1089312963342643210	0	4796.795385460217
2023-03-25 22:21:02.072	256212924723363844	1089313018518720523	0	5276.474924006239
2023-03-25 22:21:07.819	256212924723363844	1089313042623373503	0	5804.122416406863
2023-03-25 22:41:45.014	256212924723363844	1089318231795314718	0	6384.53465804755
2023-03-25 22:41:45.014	240645351705542658	1089318231795314718	1	160874.4119850952
2023-03-25 23:13:28.76	718685740053037058	1089326216684785694	0	30924.05133745253
2023-03-30 00:51:13.168	194223346731188224	1090800365257101382	0	-2992.405133745253
2023-03-30 00:51:13.168	718685740053037058	1090800365257101382	1	34016.45647119778
2023-03-31 22:58:15.458	256212924723363844	1091496713212145695	0	7022.988123852305
2023-03-31 22:58:21.556	256212924723363844	1091496738789015732	0	7725.286936237535
2023-03-31 22:58:28.369	256212924723363844	1091496767364804738	0	8497.815629861288
2023-03-31 22:58:15.458	718685740053037058	1091496713212145695	1	37418.10211831755
2023-03-31 22:58:21.556	718685740053037058	1091496738789015732	1	41159.91233014932
2023-03-31 22:58:28.369	718685740053037058	1091496767364804738	1	45275.90356316425
2023-03-31 22:58:15.458	244621150112448512	1091496713212145695	2	146.41
2023-03-31 22:58:21.556	244621150112448512	1091496738789015732	2	161.051
2023-03-31 22:58:28.369	244621150112448512	1091496767364804738	2	177.1561
2023-03-31 22:58:15.458	365555434775511052	1091496713212145695	3	-2788.562296073153
2023-03-31 22:58:21.556	365555434775511052	1091496738789015732	3	-3067.418525680468
2023-03-31 22:58:28.369	365555434775511052	1091496767364804738	3	-3374.160378248514
2023-04-03 19:28:00.403	239876252331278347	1092530965433294849	0	393.7243642468297
2023-04-04 03:58:05.443	718685740053037058	1092659332274987065	0	49803.49391948067
2023-04-04 03:58:13.296	718685740053037058	1092659365212864532	0	54783.84331142873
2023-04-04 03:58:11.979	718685740053037058	1092659359688949760	0	60262.22764257161
2023-04-04 03:58:06.042	718685740053037058	1092659334787379311	0	66288.45040682876
2023-04-04 03:58:18.77	718685740053037058	1092659388172476416	0	72917.29544751164
2023-04-05 01:49:24.547	240645351705542658	1092989336355622922	0	116594.0600157304
2023-04-05 01:49:40.147	240645351705542658	1092989401786757200	0	128253.4660173034
2023-04-05 01:53:38.745	256212924723363844	1092990402539303023	0	-15137.15541045597
2023-04-05 01:53:38.745	718685740053037058	1092990402539303023	1	80209.02499226281
2023-04-05 01:49:40.147	718685740053037058	1092989401786757200	1	88229.9274914891
2023-04-05 01:49:24.547	718685740053037058	1092989336355622922	1	97052.920240638
2023-04-05 01:49:24.547	365555434775511052	1092989336355622922	3	-3711.576416073367
2023-04-05 01:49:40.147	365555434775511052	1092989401786757200	3	-4082.734057680703
2023-04-05 01:53:38.745	365555434775511052	1092990402539303023	2	-4491.007463448773
2023-04-05 21:04:57.196	244621150112448512	1093280138562633830	0	194.87171
2023-04-05 21:04:57.196	718685740053037058	1093280138562633830	1	106758.2122647018
\.


--
-- Data for Name: _prisma_migrations; Type: TABLE DATA; Schema: public; Owner: -
--

COPY public._prisma_migrations (id, checksum, finished_at, migration_name, logs, rolled_back_at, started_at, applied_steps_count) FROM stdin;
b0cebae2-9856-4c57-9bf3-4e106178dac0	ca94e65d1fa89aa0455cebb2a57b70d26c4d32c3e455a69c05dc0aa2dd9fe7f1	2023-02-17 02:10:09.51773+00	20230217011807_init	\N	\N	2023-02-17 02:10:09.479078+00	1
\.


--
-- PostgreSQL database dump complete
--

