--
-- PostgreSQL database dump
--

-- Dumped from database version 15.1 (Debian 15.1-1.pgdg110+1)
-- Dumped by pg_dump version 15.2 (Debian 15.2-1.pgdg110+1)

SET statement_timeout = 0;
SET lock_timeout = 0;
SET idle_in_transaction_session_timeout = 0;
SET client_encoding = 'UTF8';
SET standard_conforming_strings = on;
SELECT pg_catalog.set_config('search_path', '', false);
SET check_function_bodies = false;
SET xmloption = content;
SET client_min_messages = warning;
SET row_security = off;

--
-- Data for Name: User; Type: TABLE DATA; Schema: public; Owner: -
--

COPY public."User" (id, "openedHelp") FROM stdin;
240645351705542658	f
208308792155308033	f
360033736739258370	f
256212924723363844	f
239876252331278347	f
718685740053037058	f
318530865648893953	f
447919795271237632	f
285259653707726848	f
538590376324366336	f
365555434775511052	f
142470336544243712	f
1045252705330933800	f
244621150112448512	f
821907257176227850	f
\.


--
-- Data for Name: Message; Type: TABLE DATA; Schema: public; Owner: -
--

COPY public."Message" (id, "channelId", "guildId", "authorId", "reactionCounter", "createdAt") FROM stdin;
1075968879362330664	1013306449130160159	803749877702983760	208308792155308033	0	2023-02-17 02:36:11.375
1075968882755522612	1013306449130160159	803749877702983760	208308792155308033	1	2023-02-17 02:36:12.184
1075968875453235332	1013306449130160159	803749877702983760	208308792155308033	1	2023-02-17 02:36:10.443
1075968871208587294	1013306449130160159	803749877702983760	208308792155308033	1	2023-02-17 02:36:09.431
1075968861939187813	1013306449130160159	803749877702983760	208308792155308033	1	2023-02-17 02:36:07.221
1075968867811205140	1013306449130160159	803749877702983760	208308792155308033	1	2023-02-17 02:36:08.621
1075968855450603520	1013306449130160159	803749877702983760	208308792155308033	1	2023-02-17 02:36:05.674
1075968849293344768	1013306449130160159	803749877702983760	208308792155308033	1	2023-02-17 02:36:04.206
1075968852619427931	1013306449130160159	803749877702983760	208308792155308033	1	2023-02-17 02:36:04.999
1075968846281846925	1013306449130160159	803749877702983760	208308792155308033	1	2023-02-17 02:36:03.488
1075968842431463525	1013306449130160159	803749877702983760	208308792155308033	1	2023-02-17 02:36:02.57
1075968839138938941	1013306449130160159	803749877702983760	208308792155308033	1	2023-02-17 02:36:01.785
1075968730493890591	1013306449130160159	803749877702983760	208308792155308033	1	2023-02-17 02:35:35.882
1075969265485762661	1013306449130160159	803749877702983760	208308792155308033	0	2023-02-17 02:37:43.434
1075969288147566602	1013306449130160159	803749877702983760	208308792155308033	0	2023-02-17 02:37:48.837
1075969291922456666	1013306449130160159	803749877702983760	208308792155308033	0	2023-02-17 02:37:49.737
1075969299291852820	1013306449130160159	803749877702983760	208308792155308033	0	2023-02-17 02:37:51.494
1075969295256911892	1013306449130160159	803749877702983760	208308792155308033	0	2023-02-17 02:37:50.532
1075969303444213800	1013306449130160159	803749877702983760	208308792155308033	0	2023-02-17 02:37:52.484
1075969307089043586	1013306449130160159	803749877702983760	208308792155308033	0	2023-02-17 02:37:53.353
1075969313615396934	1013306449130160159	803749877702983760	208308792155308033	0	2023-02-17 02:37:54.909
1075969310385774714	1013306449130160159	803749877702983760	208308792155308033	0	2023-02-17 02:37:54.139
1075969320984776715	1013306449130160159	803749877702983760	208308792155308033	0	2023-02-17 02:37:56.666
1075969317331550208	1013306449130160159	803749877702983760	208308792155308033	0	2023-02-17 02:37:55.795
1075969327695671326	1013306449130160159	803749877702983760	208308792155308033	0	2023-02-17 02:37:58.266
1075969324222779432	1013306449130160159	803749877702983760	208308792155308033	0	2023-02-17 02:37:57.438
1076002274263965716	606343351435919371	445432481873657858	239876252331278347	1	2023-02-17 04:48:53.34
1076004574529323140	772710190553628685	772710190553628682	256212924723363844	1	2023-02-17 04:58:01.766
1076004819682209792	772710190553628685	772710190553628682	240645351705542658	0	2023-02-17 04:59:00.215
1077055231747182642	1042881320646344758	445432481873657858	240645351705542658	2	2023-02-20 02:32:57.967
1081995752450052306	1042881320646344758	445432481873657858	240645351705542658	-1	2023-03-05 17:44:49.893
1077717788992475176	606367475491143690	445432481873657858	718685740053037058	2	2023-02-21 22:25:43.924
1077759208910503957	606343351435919371	445432481873657858	718685740053037058	0	2023-02-22 01:10:19.202
1076989502209404939	606367475491143690	445432481873657858	240645351705542658	2	2023-02-19 22:11:46.824
1076989583604076645	606367475491143690	445432481873657858	240645351705542658	2	2023-02-19 22:12:06.23
1076989636242591786	606367475491143690	445432481873657858	240645351705542658	2	2023-02-19 22:12:18.78
1076989660238200935	606367475491143690	445432481873657858	240645351705542658	2	2023-02-19 22:12:24.501
1076989672170995742	606367475491143690	445432481873657858	240645351705542658	2	2023-02-19 22:12:27.346
1078002311546278008	606367475491143690	445432481873657858	240645351705542658	0	2023-02-22 17:16:19.387
1079799455362072586	606367475491143690	445432481873657858	239876252331278347	4	2023-02-27 16:17:31.862
1078156280151150603	606367475491143690	445432481873657858	285259653707726848	3	2023-02-23 03:28:08.363
1078210592147509298	772710190553628685	772710190553628682	240645351705542658	0	2023-02-23 07:03:57.352
1078480989124305046	606367475491143690	445432481873657858	318530865648893953	-1	2023-02-24 00:58:25.015
1079099864333430855	606367475491143690	445432481873657858	240645351705542658	0	2023-02-25 17:57:36.363
1079190168981999726	606367475491143690	445432481873657858	718685740053037058	2	2023-02-25 23:56:26.669
1079297615541325876	1042881320646344758	445432481873657858	240645351705542658	1	2023-02-26 07:03:23.925
1079581209098735616	606343351435919371	445432481873657858	256212924723363844	1	2023-02-27 01:50:17.898
1082073001601810462	831808522030809108	445432481873657858	240645351705542658	4	2023-03-05 22:51:47.526
1079823274533462109	606367475491143690	445432481873657858	239876252331278347	2	2023-02-27 17:52:10.795
1080725686576234538	606367475491143690	445432481873657858	240645351705542658	0	2023-03-02 05:38:02.592
1080935015568912414	606367475491143690	445432481873657858	240645351705542658	2	2023-03-02 19:29:50.513
1081735050783105034	828484348558835732	445432481873657858	240645351705542658	0	2023-03-05 00:28:53.772
1082110664073547896	606367475491143690	445432481873657858	1045252705330933800	4	2023-03-06 01:21:26.959
1082064120309883051	606367475491143690	445432481873657858	240645351705542658	3	2023-03-05 22:16:30.061
1082802791707312219	606367475491143690	445432481873657858	318530865648893953	2	2023-03-07 23:11:43.046
1082078798306082898	831808522030809108	445432481873657858	318530865648893953	2	2023-03-05 23:14:49.568
1082765675388481697	606367475491143690	445432481873657858	240645351705542658	3	2023-03-07 20:44:13.826
1084125425481023540	606367475491143690	445432481873657858	256212924723363844	4	2023-03-11 14:47:23.511
1084246430044139612	606367475491143690	445432481873657858	1045252705330933800	3	2023-03-11 22:48:13.247
1084710415059144754	606367475491143690	445432481873657858	240645351705542658	1	2023-03-13 05:31:55.895
1085418194262573088	606367475491143690	445432481873657858	240645351705542658	1	2023-03-15 04:24:23.607
1085539545115795456	606367475491143690	445432481873657858	821907257176227850	1	2023-03-15 12:26:35.905
1085596923706224690	606367475491143690	445432481873657858	240645351705542658	0	2023-03-15 16:14:36.027
1085615848854655036	606367475491143690	445432481873657858	240645351705542658	1	2023-03-15 17:29:48.134
1085630855868841984	606367475491143690	445432481873657858	240645351705542658	0	2023-03-15 18:29:26.085
1085985727592005653	606367475491143690	445432481873657858	256212924723363844	1	2023-03-16 17:59:34.097
\.


--
-- Data for Name: Reaction; Type: TABLE DATA; Schema: public; Owner: -
--

COPY public."Reaction" ("createdAt", "userId", "messageId", "position", weight) FROM stdin;
2023-02-17 02:35:50.947	360033736739258370	1075968730493890591	0	100
2023-02-17 02:36:15.991	360033736739258370	1075968839138938941	0	110
2023-02-17 02:36:17.771	360033736739258370	1075968842431463525	0	121
2023-02-17 02:36:19.34	360033736739258370	1075968846281846925	0	133.1
2023-02-17 02:36:21.008	360033736739258370	1075968849293344768	0	146.41
2023-02-17 02:36:22.97	360033736739258370	1075968852619427931	0	161.051
2023-02-17 02:36:25.671	360033736739258370	1075968855450603520	0	177.1561
2023-02-17 02:36:27.5	360033736739258370	1075968861939187813	0	194.87171
2023-02-17 02:36:29.846	360033736739258370	1075968867811205140	0	214.358881
2023-02-17 02:36:32.761	360033736739258370	1075968871208587294	0	235.7947691
2023-02-17 02:36:36.63	360033736739258370	1075968875453235332	0	259.37424601
2023-02-17 02:36:38.265	360033736739258370	1075968882755522612	0	285.311670611
2023-02-17 02:36:46.389	208308792155308033	1075968879362330664	0	-113.8428376721
2023-02-17 02:36:58.65	208308792155308033	1075968882755522612	1	-113.8428376721
2023-02-17 02:37:11.694	208308792155308033	1075968875453235332	1	-113.8428376721
2023-02-17 02:37:12.047	208308792155308033	1075968871208587294	1	-113.8428376721
2023-02-17 02:37:12.914	208308792155308033	1075968861939187813	1	-113.8428376721
2023-02-17 02:37:13.792	208308792155308033	1075968867811205140	1	-113.8428376721
2023-02-17 02:37:14.153	208308792155308033	1075968855450603520	1	-113.8428376721
2023-02-17 02:37:15.468	208308792155308033	1075968849293344768	1	-113.8428376721
2023-02-17 02:37:15.774	208308792155308033	1075968852619427931	1	-113.8428376721
2023-02-17 02:37:16.191	208308792155308033	1075968846281846925	1	-113.8428376721
2023-02-17 02:37:16.549	208308792155308033	1075968842431463525	1	-113.8428376721
2023-02-17 02:37:17.4	208308792155308033	1075968839138938941	1	-113.8428376721
2023-02-17 02:37:18.285	208308792155308033	1075968730493890591	1	-113.8428376721
2023-02-17 02:38:03.396	360033736739258370	1075969265485762661	0	313.8428376721
2023-02-17 02:38:06.165	360033736739258370	1075969288147566602	0	345.22712143931
2023-02-17 02:38:07.985	360033736739258370	1075969291922456666	0	379.749833583241
2023-02-17 02:38:09.627	360033736739258370	1075969299291852820	0	417.7248169415651
2023-02-17 02:38:15.436	360033736739258370	1075969295256911892	0	459.4972986357216
2023-02-17 02:38:18.099	360033736739258370	1075969303444213800	0	505.4470284992938
2023-02-17 02:38:19.786	360033736739258370	1075969307089043586	0	555.9917313492232
2023-02-17 02:38:21.455	360033736739258370	1075969313615396934	0	611.5909044841454
2023-02-17 02:38:23.259	360033736739258370	1075969310385774714	0	672.7499949325601
2023-02-17 02:38:25.211	360033736739258370	1075969320984776715	0	740.0249944258161
2023-02-17 02:38:27.07	360033736739258370	1075969317331550208	0	814.0274938683976
2023-02-17 02:38:29.004	360033736739258370	1075969327695671326	0	895.4302432552373
2023-02-17 02:38:32.12	360033736739258370	1075969324222779432	0	984.9732675807611
2023-02-17 04:57:29.527	256212924723363844	1076002274263965716	0	100
2023-02-17 04:57:56.114	240645351705542658	1076002274263965716	1	100
2023-02-17 04:58:33.628	256212924723363844	1076004574529323140	0	110
2023-02-17 04:58:57.462	240645351705542658	1076004574529323140	1	110
2023-02-17 04:59:07.721	256212924723363844	1076004819682209792	0	99
2023-02-19 22:11:55.505	256212924723363844	1076989502209404939	0	108.9
2023-02-19 22:12:11.259	256212924723363844	1076989583604076645	0	119.79
2023-02-19 22:12:21.426	256212924723363844	1076989636242591786	0	131.769
2023-02-19 22:12:26.816	256212924723363844	1076989660238200935	0	144.9459
2023-02-19 22:12:42.541	256212924723363844	1076989672170995742	0	159.44049
2023-02-19 22:38:32.721	718685740053037058	1076989583604076645	1	100
2023-02-19 22:38:34.501	718685740053037058	1076989502209404939	1	110
2023-02-19 22:38:37.526	718685740053037058	1076989636242591786	1	121
2023-02-19 22:38:38.235	718685740053037058	1076989660238200935	1	133.1
2023-02-19 22:38:38.798	718685740053037058	1076989672170995742	1	146.41
2023-02-19 23:02:24.023	318530865648893953	1076989502209404939	2	100
2023-02-19 23:02:25.047	318530865648893953	1076989583604076645	2	110
2023-02-19 23:02:25.546	318530865648893953	1076989636242591786	2	121
2023-02-19 23:02:26.126	318530865648893953	1076989660238200935	2	133.1
2023-02-19 23:02:26.568	318530865648893953	1076989672170995742	2	146.41
2023-02-20 02:33:42.146	256212924723363844	1077055231747182642	0	175.384539
2023-02-20 03:01:27.941	239876252331278347	1077055231747182642	1	80
2023-02-20 04:02:44.28	447919795271237632	1077055231747182642	2	100
2023-02-21 22:26:08.149	256212924723363844	1077717788992475176	0	192.9229929
2023-02-21 22:26:11.748	318530865648893953	1077717788992475176	1	161.051
2023-02-21 23:00:57.331	240645351705542658	1077717788992475176	2	-113.0249929
2023-02-22 01:55:45.017	240645351705542658	1077759208910503957	0	-124.32749219
2023-02-22 17:17:23.926	256212924723363844	1078002311546278008	0	212.21529219
2023-02-23 03:36:13.388	239876252331278347	1078156280151150603	0	88
2023-02-23 03:46:37.78	718685740053037058	1078156280151150603	1	149.388849219
2023-02-23 04:02:49.591	208308792155308033	1078156280151150603	2	-883.4705943388374
2023-02-23 05:25:14.142	240645351705542658	1078156280151150603	3	-157.981770628
2023-02-23 07:03:59.564	240645351705542658	1078210592147509298	0	-173.7799476908
2023-02-25 17:58:46.841	256212924723363844	1079099864333430855	0	233.436821409
2023-02-25 23:57:34.4	256212924723363844	1079190168981999726	0	256.7805035499
2023-02-26 00:08:11.718	239876252331278347	1079190168981999726	1	96.80000000000001
2023-02-26 00:11:10.097	365555434775511052	1079190168981999726	2	100
2023-02-26 07:10:40.535	256212924723363844	1079297615541325876	0	282.45855390489
2023-02-26 08:56:53.324	365555434775511052	1079297615541325876	1	110
2023-02-27 02:04:13.013	208308792155308033	1079581209098735616	0	-971.8176537727212
2023-02-27 03:39:03.902	718685740053037058	1079581209098735616	1	118.96968378591
2023-02-27 16:26:08.962	718685740053037058	1079799455362072586	0	130.866652164501
2023-02-27 16:44:31.427	208308792155308033	1079799455362072586	1	-1068.999419149993
2023-02-27 16:57:02.129	256212924723363844	1079799455362072586	2	395.9892062940601
2023-02-27 17:02:44.669	240645351705542658	1079799455362072586	3	-236.369485222189
2023-02-27 17:20:29.126	318530865648893953	1079799455362072586	4	177.1561
2023-02-27 17:52:42.121	718685740053037058	1079823274533462109	0	143.9533173809511
2023-02-27 17:55:08.108	240645351705542658	1079823274533462109	1	-260.006433744408
2023-02-27 18:11:20.034	208308792155308033	1079823274533462109	2	-1175.899361064993
2023-03-02 05:38:15.248	718685740053037058	1080725686576234538	0	158.3486491190462
2023-03-02 19:30:23.106	256212924723363844	1080935015568912414	0	435.5881269234662
2023-03-02 19:31:41.045	208308792155308033	1080935015568912414	1	-1293.489297171492
2023-03-02 20:56:45.896	142470336544243712	1080935015568912414	2	100
2023-03-05 00:28:57.157	256212924723363844	1081735050783105034	0	479.1469396158127
2023-03-05 22:16:39.066	256212924723363844	1082064120309883051	0	527.0616335773941
2023-03-05 22:28:47.262	718685740053037058	1082064120309883051	1	174.1835140309508
2023-03-05 22:49:02.949	318530865648893953	1082064120309883051	2	194.87171
2023-03-05 22:51:58.29	256212924723363844	1082073001601810462	0	579.7677969351334
2023-03-05 22:52:50.876	239876252331278347	1082073001601810462	1	295.8109423342071
2023-03-05 23:09:51.731	239876252331278347	1082064120309883051	3	325.3920365676278
2023-03-05 23:14:51.256	318530865648893953	1082073001601810462	2	214.358881
2023-03-05 23:15:40.464	208308792155308033	1082073001601810462	3	-1422.838226888641
2023-03-05 23:17:40.06	240645351705542658	1082073001601810462	4	-362.8273477231993
2023-03-05 23:17:54.083	240645351705542658	1082078798306082898	0	-362.8273477231993
2023-03-05 23:18:22.987	256212924723363844	1082078798306082898	1	637.7445766286469
2023-03-05 23:18:25.784	208308792155308033	1082078798306082898	2	-1565.122049577505
2023-03-06 01:21:43.786	1045252705330933800	1082110664073547896	0	100
2023-03-06 01:21:50.188	208308792155308033	1082110664073547896	1	-1721.634254535256
2023-03-06 01:26:11.939	240645351705542658	1082110664073547896	2	-399.1100824955192
2023-03-06 01:31:34.376	718685740053037058	1082110664073547896	3	191.6018654340459
2023-03-06 01:42:30.176	318530865648893953	1082110664073547896	4	364.8152511672058
2023-03-07 20:44:25.891	208308792155308033	1082765675388481697	0	-1893.797679988781
2023-03-07 20:45:10.62	256212924723363844	1082765675388481697	1	701.5190342915116
2023-03-07 20:45:13.255	142470336544243712	1082765675388481697	2	110
2023-03-07 20:45:22.808	318530865648893953	1082765675388481697	3	401.2967762839263
2023-03-07 23:11:53.839	244621150112448512	1082802791707312219	0	100
2023-03-07 23:11:57.235	142470336544243712	1082802791707312219	1	121
2023-03-07 23:12:19.554	256212924723363844	1082802791707312219	2	771.6709377206628
2023-03-11 14:47:29.196	318530865648893953	1084125425481023540	0	342.1593601402527
2023-03-11 14:47:31.25	240645351705542658	1084125425481023540	1	-370.9229038037367
2023-03-11 14:51:53.852	208308792155308033	1084125425481023540	2	-2083.177447987659
2023-03-11 15:40:50.326	239876252331278347	1084125425481023540	3	357.9312402243906
2023-03-11 16:59:20.055	718685740053037058	1084125425481023540	4	210.7620519774505
2023-03-11 22:49:34.714	256212924723363844	1084246430044139612	0	1003.162801437659
2023-03-11 22:50:18.558	365555434775511052	1084246430044139612	1	121
2023-03-11 22:50:50.944	718685740053037058	1084246430044139612	2	231.8382571751956
2023-03-12 00:17:54.474	240645351705542658	1084246430044139612	3	-408.0151941841104
2023-03-13 05:33:17.523	256212924723363844	1084710415059144754	0	1103.479081581425
2023-03-13 06:21:25.367	365555434775511052	1084710415059144754	1	133.1
2023-03-15 04:24:23.607	256212924723363844	1085418194262573088	0	1213.826989739568
2023-03-15 04:24:23.607	718685740053037058	1085418194262573088	1	255.0220828927151
2023-03-15 12:26:35.905	244621150112448512	1085539545115795456	0	110
2023-03-15 12:26:35.905	240645351705542658	1085539545115795456	1	-719.3595290238923
2023-03-15 16:14:36.027	256212924723363844	1085596923706224690	0	1335.209688713524
2023-03-15 17:29:48.134	256212924723363844	1085615848854655036	0	1468.730657584877
2023-03-15 17:29:48.134	718685740053037058	1085615848854655036	1	280.5242911819866
2023-03-15 18:29:26.085	718685740053037058	1085630855868841984	0	308.5767203001853
2023-03-16 17:59:34.097	365555434775511052	1085985727592005653	0	146.41
2023-03-16 17:59:34.097	240645351705542658	1085985727592005653	1	-1130.599617704339
\.


--
-- Data for Name: _prisma_migrations; Type: TABLE DATA; Schema: public; Owner: -
--

COPY public._prisma_migrations (id, checksum, finished_at, migration_name, logs, rolled_back_at, started_at, applied_steps_count) FROM stdin;
b0cebae2-9856-4c57-9bf3-4e106178dac0	ca94e65d1fa89aa0455cebb2a57b70d26c4d32c3e455a69c05dc0aa2dd9fe7f1	2023-02-17 02:10:09.51773+00	20230217011807_init	\N	\N	2023-02-17 02:10:09.479078+00	1
\.


--
-- PostgreSQL database dump complete
--

